url,hash
https://www.tumi.co.jp/privacyPolicy.html,3aa81fddc11f27554b348c4bacbdd6892201fd52f8316ccb474e1e3e733d3002
https://mocom.tv/wo/privacy.phtml,f93003101a1dc35a8f84f77d5de4e50349401e6d7c4a6817727869319e6d54ca
https://locondo.jp/shop/contents/privacy,0604ad08c6272bc865c58070051960ddfd5c300f184d37f29e8a60de92546d4e
https://anzen.ne.jp/html/info.html#about_privacy,731e8b4b89538c01b1b76420dff82480750bca42dd4d0ff93f21636be7470bcf
https://gumpla.jp/privacy,5fe338baacbd7f12d15613ae812baf4dd208b4d7d366a135bad5214b6cb75764
https://support.ac-pocketcamp.com/en-AU/privacy_policy,4cfbdc8279ca6745bd1f58ee304f2664d80e8c439f2ffcc085b268dd0a37f31b
https://ths-fooduniform.jp/html/privacy.html,0463f7194b0d3656e2354bc5b665044706b80a1cf228072b311fe119f618ef7a
https://tanosu.com/privacy/,2903c5b5b7fdc1debad2519b112f6336a7fbb35b4dc2bf161ca6f10fc33a9c84
https://buffaloes.co.jp/company/privacy.html,b8693e71c58177ea524837d0503a4cfe207b5c1255ee0bf1a341b6a1709ee4f1
https://cdn.kenko-mileage.jp/policy/privacy_policy.html,024a526957f6b4637b126fdf22972e336da0f19c26ae27862264b002b1387901
https://sen-n.com/privacy-policy/,ee602a8262c3146e5b85c8a2ccec7334771e3d4b642e43baf19f9d9ae4160372
https://crescendoalle.com/pages/privacy,f9e29796d4e6e2805030d3152ebb73b1297b26cc566892d77cdf35d311b2cd7a
https://atomtech.co.jp/policies/privacy-policy,f3d0f3111dea5cc64f168f9927c3484b1232ef225dec017c9080788571ecf1b3
https://wadatsumi.co/policies/privacy-policy,114031d73fe94b624387a9a61be1963621eba2cee79d04452039b75517fb3789
https://danmachi-danchro.com/privacy-policy/,97eac313480d61761278cd181640503989412bbdf93637ccdfaba9cd56cd3d79
https://tryt-worker.jp/company/privacypolicy/,d5287ba8731acaf5aa06af1d0efd71f154713c7db69b6f1cce9f1b0bb7a4dc52
https://privacy.tver.jp/tver-id-external-data-integration/,60290a97a2bc3830100a40686c30336eaec60205c08944573dfd16c31906151a
https://talk.jp/privacy,17a2b0fa9e931351b5581078c36f0aed9cf152c18bee476057aedfb145e67251
https://ball-goods.com/?mode=privacy,be860561cbe09928fd8369165d5220cd49506cf5acc2fdcbf62032de8e803252
https://izumo-pbx.jp/contact.html#privacy,d0a945673bbae0fded01e61ad5d67fff842eca1011ff078da0818edd8491afc1
https://sug-web.jp/privacy-policy/,d6bfe39b0eb99223ef4d81f7055e581ec683cae3a2dd4b0a7b9a5f343679c725
https://denkohome.com/privacy/,0edaf50f6ee2ab3d38009a753d3105fd3a1f677d433efa9dbd869984b65e7479
https://freeblog-video.com/privacy-policy/,ab47d235fbfc20f22d0ccdd16d0be74d7a7254a39f8d33ff4e2e4fa67ff3fc08
https://irotsuku.com/info/privacy,c628917e715e52f6e9006e016a9aa09175b5b0e7aedc4c40d66fde924d28700d
https://www.convention.co.jp/privacy/,babc3060c024455ee2ade4741f5d8e49be716a1f783bd4627216937ed928199d
https://emmafrancis.jp/contents/terms#privacy_content,e2e3885ef0abb740caf804b640a1bcd73bba652f5aaaa9f80f2d9e048eefcb1f
https://www.evastore.jp/shop/pages/privacy.aspx#anchor-cookie_block,a85a4da4288ffc49316c36e8cfdc7d0e1eb92dab2f1e6c8012b852d0b057a479
https://www.bornfreegroup.jp/privacypolicy,2a82c56ac400c385da4d277ae8c0d4c9c120b596b10921c2ed669a5e765ea522
https://car-repo.jp/privacy-policy,0646142af80e14eabc4a880466468e493ed1e8485f24b9f8f42c31286b9220c1
https://howsie-shop.jp/pages/privacy,a92c2f2f86f61a7897c95c6634357081e55e91ce38dd6f21bcd03eadecf996e1
