url,hash
https://newsway.co.kr/company/privacypolicy,76f8d00688ce5ee4129d2cfe7810c53c1b81d4c5d8280943bfb714941eb1c486
https://daumee.co.kr/member/privacy.html,4441eea2dddb934443cac7616ded62ace14dbbe17db6510f169604a0e9659835
https://tophub.today/allactivity?privacy_source=activity_log_top_menu,c9effc5fde671cafb31a85969f944b22ad7b6775b254ccfad066422cf569cb0d
https://duole.com/privacy/v2/gouji?template_id=1#nav6,4d2472373011c6f66d1a53123afd473dc329bfb630b9c47c13b3ea6666a75cad
https://xyzcdn.net/privacy#content,4f64b7cbec077f0b235583598a40a9b63d470cfa3f1b9bc7b3dfb47523e12b86
https://bluepops.co.kr/member/privacy.html,0caf8650720351b11304dcee1993f55cbb741047ed40d877d3bc5a2edc419f21
https://fifaro.com/text/privacy,9b5b2c7347c49766fa80a9a1188f05ce3d4a8ffcf61a0458dbb50dd82b836244
https://myprotein.tw/customer-services/privacy-and-security.list,5144d03775d8eb736b523d33a4f8ce47d6a9d5303c6942ae93660543d223191d
https://nsfwkr.net/bbs/register.php#privacy,753f9e12c226ddeb58b75906a956d02f36f2efac0daa4ff8766e47103d126836
https://devicemart.co.kr/service/privacy,5f6d20a69b3005d6025dc37ebf4c4ead341e002de46958de0af20362bc4cea24
https://gck99.com.tw/privacy.php,1f30698e7b51975a02398b3b2348c99ccb113797a52a59f91eeeed291b61d366
https://daouoffice.com/privacy_v09_1.jsp,727c420b9185f45531d425645b4bb26f2ecc842b508a36580853e8ef48d4ea8f
https://hk-bestcasino.com/privacy-policy/,4923a3a0fa9fa1140657bd529ddb6521bd2c4e3086e7a43dc4596e482c83b965
https://sanmin.com.tw/static/termspprivacy,046e039e7063fbdbe44fd3ebb9fef9ee05b4a956a3d1bd1d760ceb45c07decb5
https://lolchess.gg/about/privacy,9b59d857a77fb34026b08fb304430966c38bd53202b6aaa0e21f57d65dfb6bb8
http://www.creme21.co.kr/member/privacy.html,690873a0195dd4c6636f6bcf98d18d19d419e603268a3d01fbd3fb3161e2c9a1
https://ajou.ac.kr/kr/ajou/privacy.do,4670708b7d0f2e741a6397f518921b630a6b91a67a96d9824e88e824623e26f3
https://balletnmodel.com/?mode=privacy,364a237f7cba05b069bee8c6a1054e5d8bf78bdbdb189e84f7932a503a16b873
https://roo.cash/privacy,e768bf3eda7dffeaa89387396650e9206183a83a7a2cb64665faba88bb8c0c30
https://daouoffice.com/privacy_v09_1.jsp,727c420b9185f45531d425645b4bb26f2ecc842b508a36580853e8ef48d4ea8f
https://m.cnhnb.com/html/zhuanti/privacy/?id=1,376f97bbd9cceed3b9f88be3aea686ec20826759df45acf1df8a08c55e7b6a2c
https://privacy.kakao.com/main?lang=ko,dc17e872fe7bfe10149e37d265ab2bc485f9f6798dce798bd7f9f3a18a23e12e
https://htisec.com/zh-hk/data-privacy-policy,8734940804041e2df20ad8d0434db13c926ac56a3361e06334de6b24e86f616c
https://cagongtv.com/content/privacy,881f0b3bd55fac152cd92092707570af34c86246ffe1f54382eb2524ed38d46c
https://godamanga.com/privacy,76c470a3b4e996819762864767991b497a417e45be54e5affe7b3d9163383f9d
https://nikke-kr.com/privacypolicy#_Pursuant_to_our,83ea3f88c2ce742bc760a6d82e9777ccb8b6ea6e3f5ecdd820808c9307fe3a4c
https://store.steamchina.com/privacy_agreement?snr=1_60_4__global-responsive-menu,226fd14916a7377abc449b4c504336ab5b2cb9986e99e1639a5a13dc22129daf
https://nikke-kr.com/privacypolicy#_Changes,721f807ed7e33469141926186f4bed9ca1813845a8ff181d05501315db3ba48e
https://www.pcone.com.tw/service/privacyPolicy,332d68596b80569706353ba450360c159bb25012c6420f89967fca6837c8b9b7
https://qquing.net/bbs/content.php?co_id=privacy,8c04b043562fe037dde46590353e1ebaa7b6a97757d0a8f2fafc00d11d5b6f83
