surface,normalized,dictionary,POS
卓杭,卓杭,卓杭,nr
科技,科技,科技,n
隐私,隐私,隐私,b
政策,政策,政策,n
 , , ,x
更新,更新,更新,d
日期,日期,日期,t
2022,2022,2022,m
年,年,年,m
10,10,10,m
月,月,月,m
19,19,19,m
日,日,日,m
 , , ,x
生效,生效,生效,n
日期,日期,日期,t
2022,2022,2022,m
年,年,年,m
10,10,10,m
月,月,月,m
19,19,19,m
日,日,日,m
 , , ,x
政策,政策,政策,n
成都,成都,成都,ns
卓杭,卓杭,卓杭,nr
网络,网络,网络,n
科技股份,科技股份,科技股份,n
有限公司,有限公司,有限公司,n
公司地址,公司地址,公司地址,n
中国,中国,中国,ns
四川,四川,四川,ns
自由贸易,自由贸易,自由贸易,l
试验区,试验区,试验区,n
成都,成都,成都,ns
高新区,高新区,高新区,nr
云华路,云华路,云华路,ns
50,50,50,m
号,号,号,m
6,6,6,m
栋,栋,栋,m
A座,a座,A座,n
2101,2101,2101,m
简称,简称,简称,v
负责,负责,负责,v
开发,开发,开发,v
维护,维护,维护,v
运营,运营,运营,vn
游戏,游戏,游戏,n
相关,相关,相关,v
产品,产品,产品,n
服务,服务,服务,vn
 , , ,x
服务,服务,服务,vn
时,时,时,n
会,会,会,v
收集,收集,收集,v
相关,相关,相关,v
信息,信息,信息,n
希望,希望,希望,v
隐私,隐私,隐私,b
政策,政策,政策,n
服务,服务,服务,vn
时,时,时,n
收集,收集,收集,v
储存,储存,储存,n
分享,分享,分享,v
信息,信息,信息,n
提供,提供,提供,v
访问,访问,访问,v
更新,更新,更新,d
控制,控制,控制,v
保护,保护,保护,v
信息,信息,信息,n
方式,方式,方式,n
不,不,不,d
提供,提供,提供,v
相关,相关,相关,v
信息,信息,信息,n
注册,注册,注册,v
用户,用户,用户,n
享受,享受,享受,v
提供,提供,提供,v
服务,服务,服务,vn
相关,相关,相关,v
服务,服务,服务,vn
拟,拟,拟,v
效果,效果,效果,n
 , , ,x
政策,政策,政策,n
约定,约定,约定,v
场景,场景,场景,n
下,下,下,f
信息,信息,信息,n
方式,方式,方式,n
开启,开启,开启,v
相关,相关,相关,v
功能,功能,功能,n
相关,相关,相关,v
服务,服务,服务,vn
时,时,时,ng
相关,相关,相关,v
功能,功能,功能,n
服务,服务,服务,vn
才,才,才,d
会,会,会,v
信息,信息,信息,n
不,不,不,d
开启,开启,开启,v
相关,相关,相关,v
功能,功能,功能,n
相关,相关,相关,v
服务,服务,服务,vn
个人信息,个人信息,个人信息,n
政策,政策,政策,n
外,外,外,f
特定,特定,特定,d
产品,产品,产品,n
中,中,中,f
还,还,还,d
会,会,会,v
即时,即时,即时,c
告知,告知,告知,v
方式,方式,方式,n
弹窗,弹窗,弹窗,n
页面,页面,页面,n
提示,提示,提示,v
产品,产品,产品,n
特定,特定,特定,d
信息,信息,信息,n
收集,收集,收集,v
目的,目的,目的,n
方式,方式,方式,n
即时,即时,即时,c
告知,告知,告知,v
内容,内容,内容,n
隐私,隐私,隐私,b
政策,政策,政策,n
一部分,一部分,一部分,m
政策,政策,政策,n
同等,同等,同等,b
效力,效力,效力,n
请,请,请,v
特别,特别,特别,d
留意,留意,留意,v
 , , ,x
隐私,隐私,隐私,b
政策,政策,政策,n
服务,服务,服务,vn
息息相关,息息相关,息息相关,i
希望,希望,希望,v
仔细阅读,仔细阅读,仔细阅读,n
重点,重点,重点,n
条款,条款,条款,n
内容,内容,内容,n
加粗,加粗,加粗,nr
字体,字体,字体,n
形式,形式,形式,n
提醒您,提醒您,提醒您,l
阅读,阅读,阅读,v
完本,完本,完本,a
政策,政策,政策,n
隐私,隐私,隐私,b
政策,政策,政策,n
隐私,隐私,隐私,b
政策,政策,政策,n
相关,相关,相关,v
事宜,事宜,事宜,n
请,请,请,v
dhsupport,dhsupport,dhsupport,eng
@,@,@,x
droidhang,droidhang,droidhang,eng
.,.,.,m
com,com,com,eng
会,会,会,v
尽快,尽快,尽快,d
做出,做出,做出,v
解答,解答,解答,v
 , , ,x
未满,未满,未满,v
18,18,18,m
周岁,周岁,周岁,m
未成年人,未成年人,未成年人,l
监护人,监护人,监护人,n
陪同,陪同,陪同,v
下,下,下,f
阅读,阅读,阅读,v
隐私,隐私,隐私,b
政策,政策,政策,n
请,请,请,v
监护人,监护人,监护人,n
务必,务必,务必,d
仔细阅读,仔细阅读,仔细阅读,n
请,请,请,v
监护人,监护人,监护人,n
隐私,隐私,隐私,b
政策,政策,政策,n
条款,条款,条款,n
同意,同意,同意,d
提供,提供,提供,v
游戏,游戏,游戏,n
服务,服务,服务,vn
 , , ,x
监护人,监护人,监护人,n
特别,特别,特别,d
请,请,请,v
保护,保护,保护,v
监护,监护,监护,vn
未成年人,未成年人,未成年人,l
个人信息,个人信息,个人信息,n
隐私,隐私,隐私,b
监护,监护,监护,vn
下,下,下,f
阅读,阅读,阅读,v
接受,接受,接受,v
隐私,隐私,隐私,b
政策,政策,政策,n
应,应,应,v
同意,同意,同意,d
指导,指导,指导,n
下,下,下,f
提交,提交,提交,v
个人信息,个人信息,个人信息,n
服务,服务,服务,vn
不,不,不,d
同意,同意,同意,d
隐私,隐私,隐私,b
政策,政策,政策,n
内容,内容,内容,n
应,应,应,v
监护,监护,监护,vn
未成年人,未成年人,未成年人,l
停止使用,停止使用,停止使用,i
服务,服务,服务,vn
点击,点击,点击,v
同意,同意,同意,d
隐私,隐私,隐私,b
政策,政策,政策,n
监护,监护,监护,vn
未成年人,未成年人,未成年人,l
服务,服务,服务,vn
监护,监护,监护,vn
未成年人,未成年人,未成年人,l
同意,同意,同意,d
受,受,受,v
隐私,隐私,隐私,b
政策,政策,政策,n
约束,约束,约束,vn
 , , ,x
服务,服务,服务,vn
意味着,意味着,意味着,v
同意,同意,同意,d
隐私,隐私,隐私,b
政策,政策,政策,n
收集,收集,收集,v
储存,储存,储存,n
分享,分享,分享,v
相关,相关,相关,v
信息,信息,信息,n
 , , ,x
目录,目录,目录,n
 , , ,x
收集,收集,收集,v
个人信息,个人信息,个人信息,n
 , , ,x
二,二,二,m
分享,分享,分享,v
转让,转让,转让,v
披露,披露,披露,v
信息,信息,信息,n
 , , ,x
三,三,三,m
保留,保留,保留,v
储存,储存,储存,n
保护,保护,保护,v
信息,信息,信息,n
 , , ,x
四,四,四,m
行使,行使,行使,n
个人信息,个人信息,个人信息,n
相关,相关,相关,v
权利,权利,权利,n
 , , ,x
五,五,五,m
未成年人,未成年人,未成年人,l
保护,保护,保护,v
 , , ,x
六,六,六,m
儿童,儿童,儿童,n
信息,信息,信息,n
保护,保护,保护,v
政策,政策,政策,n
 , , ,x
七,七,七,m
通知,通知,通知,v
修订,修订,修订,v
 , , ,x
八,八,八,m
 , , ,x
收集,收集,收集,v
个人信息,个人信息,个人信息,n
 , , ,x
1.,1.,1.,m
 , , ,x
途径,途径,途径,n
收集,收集,收集,v
个人信息,个人信息,个人信息,n
 , , ,x
1.1,1.1,1.1,m
主动,主动,主动,b
提供,提供,提供,v
信息,信息,信息,n
 , , ,x
1.1.1,1.1.1,1.1.1,m
注册,注册,注册,v
游戏,游戏,游戏,n
账号,账号,账号,n
游戏,游戏,游戏,n
时向,时向,时向,n
提供,提供,提供,v
信息,信息,信息,n
 , , ,x
1.1.2,1.1.2,1.1.2,m
提供,提供,提供,v
游戏,游戏,游戏,n
时所,时所,时所,n
存储,存储,存储,j
信息,信息,信息,n
 , , ,x
1.2,1.2,1.2,m
第三方,第三方,第三方,m
合法,合法,合法,n
共享,共享,共享,v
信息,信息,信息,n
 , , ,x
1.3,1.3,1.3,m
提供,提供,提供,v
服务,服务,服务,vn
过程,过程,过程,n
中,中,中,f
合法,合法,合法,n
获取,获取,获取,v
信息,信息,信息,n
游戏,游戏,游戏,n
时,时,时,n
合法,合法,合法,n
同意,同意,同意,d
后,后,后,f
收集,收集,收集,v
汇总,汇总,汇总,n
记录,记录,记录,n
信息,信息,信息,n
 , , ,x
2.,2.,2.,m
 , , ,x
收集,收集,收集,v
个人信息,个人信息,个人信息,n
 , , ,x
游戏,游戏,游戏,n
服务,服务,服务,vn
过程,过程,过程,n
中,中,中,f
会,会,会,v
方式,方式,方式,n
收集,收集,收集,v
服务,服务,服务,vn
时,时,时,n
主动,主动,主动,b
提供,提供,提供,v
服务,服务,服务,vn
信息,信息,信息,n
用以,用以,用以,v
提供,提供,提供,v
优化,优化,优化,vn
服务,服务,服务,vn
保障,保障,保障,v
账号,账号,账号,n
 , , ,x
2.1,2.1,2.1,m
注册,注册,注册,v
游戏,游戏,游戏,n
服务,服务,服务,vn
时,时,时,n
提供,提供,提供,v
注册,注册,注册,v
登录,登录,登录,v
信息,信息,信息,n
包括,包括,包括,v
电子邮箱,电子邮箱,电子邮箱,n
手机号码,手机号码,手机号码,n
创建,创建,创建,v
游戏,游戏,游戏,n
账号,账号,账号,n
用户名,用户名,用户名,n
密码,密码,密码,n
 , , ,x
2.2,2.2,2.2,m
相关,相关,相关,v
法律法规,法律法规,法律法规,n
相关,相关,相关,v
主管部门,主管部门,主管部门,n
需,需,需,v
实名,实名,实名,v
认证,认证,认证,v
游戏,游戏,游戏,n
服务,服务,服务,vn
会,会,会,v
主动,主动,主动,b
提供,提供,提供,v
情况,情况,情况,n
下,下,下,f
收集,收集,收集,v
实名,实名,实名,v
身份,身份,身份,n
信息,信息,信息,n
姓名,姓名,姓名,n
身份证,身份证,身份证,n
信息,信息,信息,n
信息,信息,信息,n
敏感,敏感,敏感,a
个人信息,个人信息,个人信息,n
拒绝,拒绝,拒绝,v
提供,提供,提供,v
实名,实名,实名,v
身份,身份,身份,n
信息,信息,信息,n
会,会,会,v
导致,导致,导致,v
登录,登录,登录,v
游戏,游戏,游戏,n
游戏,游戏,游戏,n
过程,过程,过程,n
中,中,中,f
同意,同意,同意,d
授权,授权,授权,v
实名,实名,实名,v
认证,认证,认证,v
机构,机构,机构,n
国家,国家,国家,n
网络游戏,网络游戏,网络游戏,n
主管部门,主管部门,主管部门,n
公安部门,公安部门,公安部门,n
委托,委托,委托,n
机构,机构,机构,n
提供,提供,提供,v
查询,查询,查询,v
核对,核对,核对,v
前述,前述,前述,b
身份,身份,身份,n
信息,信息,信息,n
 , , ,x
2.3,2.3,2.3,m
游戏,游戏,游戏,n
时,时,时,n
会,会,会,v
收集,收集,收集,v
游戏,游戏,游戏,n
日志,日志,日志,ns
信息,信息,信息,n
登录,登录,登录,v
日志,日志,日志,ns
物品,物品,物品,n
日志,日志,日志,ns
操作,操作,操作,v
信息,信息,信息,n
游戏,游戏,游戏,n
对局,对局,对局,n
信息,信息,信息,n
交友,交友,交友,n
记录,记录,记录,n
客户端,客户端,客户端,n
查看,查看,查看,v
游戏,游戏,游戏,n
历史记录,历史记录,历史记录,n
用于,用于,用于,v
客服,客服,客服,n
投诉,投诉,投诉,v
游戏,游戏,游戏,n
分析,分析,分析,vn
提升,提升,提升,v
游戏,游戏,游戏,n
体验,体验,体验,n
前述,前述,前述,b
信息,信息,信息,n
同步,同步,同步,d
该游戏,该游戏,该游戏,n
后续,后续,后续,v
版本,版本,版本,n
 , , ,x
2.4,2.4,2.4,m
保障,保障,保障,v
服务,服务,服务,vn
维护,维护,维护,v
游戏,游戏,游戏,n
基础,基础,基础,n
功能,功能,功能,n
运行,运行,运行,v
优化,优化,优化,vn
游戏,游戏,游戏,n
产品,产品,产品,n
性能,性能,性能,n
提升,提升,提升,v
游戏,游戏,游戏,n
体验,体验,体验,n
保障,保障,保障,v
账号,账号,账号,n
会,会,会,v
收集,收集,收集,v
设备,设备,设备,vn
名称,名称,名称,n
设备,设备,设备,vn
类型,类型,类型,n
型号,型号,型号,n
版本,版本,版本,n
系统,系统,系统,n
版本,版本,版本,n
IP地址,ip地址,IP地址,n
设备,设备,设备,vn
识别,识别,识别,v
符如,符如,符如,v
IMEIIMSIMAC,imeiimsimac,IMEIIMSIMAC,eng
地址,地址,地址,n
Android,android,Android,eng
 , , ,x
ID,id,ID,eng
ID,id,ID,eng
网络,网络,网络,n
类型,类型,类型,n
信息,信息,信息,n
收集,收集,收集,v
设备,设备,设备,vn
信息,信息,信息,n
会,会,会,v
游戏,游戏,游戏,n
场景,场景,场景,n
申请,申请,申请,v
访问,访问,访问,v
设备,设备,设备,vn
信息,信息,信息,n
权限,权限,权限,n
拒绝,拒绝,拒绝,v
授权,授权,授权,v
 , , ,x
请,请,请,v
单独,单独,单独,d
设备,设备,设备,vn
信息,信息,信息,n
日志,日志,日志,ns
信息,信息,信息,n
识别,识别,识别,v
特定,特定,特定,d
自然人,自然人,自然人,l
身份,身份,身份,n
信息,信息,信息,n
该类,该类,该类,r
信息,信息,信息,n
信息,信息,信息,n
用于,用于,用于,v
识别,识别,识别,v
特定,特定,特定,d
自然人,自然人,自然人,l
身份,身份,身份,n
个人信息,个人信息,个人信息,n
期间,期间,期间,f
该类,该类,该类,r
信息,信息,信息,n
视为,视为,视为,v
个人信息,个人信息,个人信息,n
会,会,会,v
该类,该类,该类,r
个人信息,个人信息,个人信息,n
做,做,做,v
匿名,匿名,匿名,v
化去,化去,化去,v
标识,标识,标识,n
化,化,化,n
授权,授权,授权,v
法律法规,法律法规,法律法规,n
除外,除外,除外,c
该类,该类,该类,r
信息,信息,信息,n
期间,期间,期间,f
个人信息,个人信息,个人信息,n
政策,政策,政策,n
保护,保护,保护,v
 , , ,x
2.5,2.5,2.5,m
消费,消费,消费,vn
功能,功能,功能,n
时,时,时,n
会,会,会,v
收集,收集,收集,v
充值,充值,充值,n
记录,记录,记录,n
消费,消费,消费,vn
记录,记录,记录,n
信息,信息,信息,n
提供,提供,提供,v
服务,服务,服务,vn
查询,查询,查询,v
交易,交易,交易,n
记录,记录,记录,n
程度,程度,程度,n
保护,保护,保护,v
虚拟,虚拟,虚拟,v
物品,物品,物品,n
充值,充值,充值,n
记录,记录,记录,n
消费,消费,消费,vn
记录,记录,记录,n
敏感,敏感,敏感,a
个人信息,个人信息,个人信息,n
收集,收集,收集,v
信息,信息,信息,n
游戏,游戏,游戏,n
产品,产品,产品,n
消费,消费,消费,vn
功能,功能,功能,n
必需,必需,必需,v
交易,交易,交易,n
 , , ,x
2.6,2.6,2.6,m
保障,保障,保障,v
游戏,游戏,游戏,n
账号,账号,账号,n
营造,营造,营造,vn
公平,公平,公平,n
健康,健康,健康,a
游戏,游戏,游戏,n
环境,环境,环境,n
会,会,会,v
收集,收集,收集,v
游戏,游戏,游戏,n
识别,识别,识别,v
信息,信息,信息,n
硬件,硬件,硬件,n
操作系统,操作系统,操作系统,l
信息,信息,信息,n
已,已,已,d
安装,安装,安装,v
列表,列表,列表,n
进程,进程,进程,n
游戏,游戏,游戏,n
崩溃,崩溃,崩溃,v
记录,记录,记录,n
信息,信息,信息,n
用于,用于,用于,v
打击,打击,打击,v
破坏,破坏,破坏,v
游戏,游戏,游戏,n
公平,公平,公平,n
环境,环境,环境,n
干扰,干扰,干扰,v
破坏,破坏,破坏,v
游戏,游戏,游戏,n
服务,服务,服务,vn
用于,用于,用于,v
检测,检测,检测,vn
盗版,盗版,盗版,v
扫描,扫描,扫描,v
外挂,外挂,外挂,n
作弊,作弊,作弊,n
 , , ,x
2.7,2.7,2.7,m
游戏,游戏,游戏,n
中,中,中,f
文字,文字,文字,n
图片,图片,图片,n
语音,语音,语音,n
方式,方式,方式,n
玩家,玩家,玩家,n
互动,互动,互动,d
时,时,时,n
会,会,会,v
收集,收集,收集,v
保存,保存,保存,v
发送,发送,发送,v
信息内容,信息内容,信息内容,n
用于,用于,用于,v
过滤,过滤,过滤,v
色情,色情,色情,n
暴力,暴力,暴力,n
政治,政治,政治,n
辱骂,辱骂,辱骂,v
恶意,恶意,恶意,v
广告,广告,广告,n
不当,不当,不当,d
内容,内容,内容,n
以此,以此,以此,c
净化,净化,净化,n
游戏,游戏,游戏,n
环境,环境,环境,n
维护,维护,维护,v
健康,健康,健康,a
上网,上网,上网,v
环境,环境,环境,n
 , , ,x
2.8,2.8,2.8,m
希望,希望,希望,v
图片,图片,图片,n
语音,语音,语音,n
游戏,游戏,游戏,n
玩家,玩家,玩家,n
互动,互动,互动,d
授权,授权,授权,v
同意,同意,同意,d
后,后,后,f
游戏,游戏,游戏,n
会,会,会,v
访问,访问,访问,v
照片,照片,照片,n
存储,存储,存储,j
文件,文件,文件,n
麦克风,麦克风,麦克风,nr
摄像头,摄像头,摄像头,n
提供,提供,提供,v
截图,截图,截图,v
保存,保存,保存,v
图片,图片,图片,n
上传,上传,上传,v
语音,语音,语音,n
聊天,聊天,聊天,nz
功能,功能,功能,n
拒绝,拒绝,拒绝,v
授权,授权,授权,v
功能,功能,功能,n
不,不,不,d
影响,影响,影响,vn
游戏,游戏,游戏,n
功能,功能,功能,n
随时,随时,随时,d
取消,取消,取消,v
相关,相关,相关,v
权限,权限,权限,n
授权,授权,授权,v
 , , ,x
2.9,2.9,2.9,m
客服,客服,客服,n
提供,提供,提供,v
个人信息,个人信息,个人信息,n
身份验证,身份验证,身份验证,n
保证,保证,保证,v
账号,账号,账号,n
诉求,诉求,诉求,v
提供,提供,提供,v
服务,服务,服务,vn
授权,授权,授权,v
人工,人工,人工,n
客服,客服,客服,n
人员,人员,人员,n
授权,授权,授权,v
内,内,内,n
查询,查询,查询,v
核验,核验,核验,n
相关,相关,相关,v
信息,信息,信息,n
尽可能,尽可能,尽可能,d
技术,技术,技术,n
管理,管理,管理,vn
措施,措施,措施,n
保障,保障,保障,v
信息安全,信息安全,信息安全,nz
保密,保密,保密,n
内,内,内,n
还,还,还,d
会,会,会,v
保存,保存,保存,v
联系方式,联系方式,联系方式,l
主动,主动,主动,b
提供,提供,提供,v
手机号码,手机号码,手机号码,n
微,微,微,n
信号,信号,信号,n
QQ号,qq号,QQ号,n
联系方式,联系方式,联系方式,l
通信,通信,通信,j
记录,记录,记录,n
内容,内容,内容,n
信息,信息,信息,n
提供,提供,提供,v
记录,记录,记录,n
客户服务,客户服务,客户服务,n
 , , ,x
2.10,2.10,2.10,m
会,会,会,v
游戏,游戏,游戏,n
频率,频率,频率,n
情况,情况,情况,n
故障,故障,故障,n
信息,信息,信息,n
性能,性能,性能,n
信息,信息,信息,n
分析,分析,分析,vn
产品,产品,产品,n
运行,运行,运行,v
情况,情况,情况,n
确保,确保,确保,v
服务,服务,服务,vn
安全性,安全性,安全性,nr
优化,优化,优化,vn
产品,产品,产品,n
提高,提高,提高,v
服务质量,服务质量,服务质量,n
会,会,会,v
相关,相关,相关,v
信息,信息,信息,n
匿名,匿名,匿名,v
化,化,化,v
去,去,去,v
标识,标识,标识,n
化,化,化,n
后,后,后,f
用于,用于,用于,v
分析,分析,分析,vn
 , , ,x
2.11,2.11,2.11,m
征得,征得,征得,v
授权,授权,授权,v
同意,同意,同意,d
例外,例外,例外,v
相关,相关,相关,v
法律法规,法律法规,法律法规,n
情形,情形,情形,n
中,中,中,f
收集,收集,收集,v
信息,信息,信息,n
无需,无需,无需,v
征得,征得,征得,v
授权,授权,授权,v
同意,同意,同意,d
 , , ,x
2.11.1,2.11.1,2.11.1,m
国家,国家,国家,n
国防,国防,国防,n
 , , ,x
2.11.2,2.11.2,2.11.2,m
公共安全,公共安全,公共安全,nr
公共卫生,公共卫生,公共卫生,n
公共利益,公共利益,公共利益,n
 , , ,x
2.11.3,2.11.3,2.11.3,m
犯罪,犯罪,犯罪,vn
侦查,侦查,侦查,v
起诉,起诉,起诉,v
审判,审判,审判,vn
判决,判决,判决,v
执行,执行,执行,v
 , , ,x
2.11.4,2.11.4,2.11.4,m
出于,出于,出于,v
维护,维护,维护,v
信息,信息,信息,n
主体,主体,主体,n
生命财产,生命财产,生命财产,l
合法权益,合法权益,合法权益,n
很,很,很,d
难,难,难,a
本人,本人,本人,r
同意,同意,同意,d
 , , ,x
2.11.5,2.11.5,2.11.5,m
收集,收集,收集,v
信息,信息,信息,n
自行,自行,自行,r
社会公众,社会公众,社会公众,n
公开,公开,公开,ad
 , , ,x
2.11.6,2.11.6,2.11.6,m
合法,合法,合法,n
公开,公开,公开,ad
披露,披露,披露,v
信息,信息,信息,n
中,中,中,f
收集,收集,收集,v
信息,信息,信息,n
合法,合法,合法,n
新闻报道,新闻报道,新闻报道,n
政府,政府,政府,n
信息,信息,信息,n
公开,公开,公开,ad
渠道,渠道,渠道,n
 , , ,x
2.11.7,2.11.7,2.11.7,m
签订合同,签订合同,签订合同,n
必需,必需,必需,v
 , , ,x
2.11.8,2.11.8,2.11.8,m
用于,用于,用于,v
维护,维护,维护,v
服务,服务,服务,vn
稳定,稳定,稳定,a
运行,运行,运行,v
必需,必需,必需,v
发现,发现,发现,v
处置,处置,处置,v
产品,产品,产品,n
服务,服务,服务,vn
故障,故障,故障,n
 , , ,x
2.11.9,2.11.9,2.11.9,m
合法,合法,合法,n
新闻报道,新闻报道,新闻报道,n
必需,必需,必需,v
 , , ,x
2.11.10,2.11.10,2.11.10,m
学术研究,学术研究,学术研究,n
机构,机构,机构,n
基于,基于,基于,p
公共利益,公共利益,公共利益,n
统计,统计,统计,v
学术,学术,学术,n
研究所,研究所,研究所,n
对外,对外,对外,s
提供,提供,提供,v
学术研究,学术研究,学术研究,n
描述,描述,描述,v
时,时,时,ng
中,中,中,f
包含,包含,包含,v
信息,信息,信息,n
去,去,去,v
标识,标识,标识,n
化,化,化,n
 , , ,x
2.11.11,2.11.11,2.11.11,m
法律法规,法律法规,法律法规,n
情形,情形,情形,n
 , , ,x
二,二,二,m
分享,分享,分享,v
转让,转让,转让,v
披露,披露,披露,v
信息,信息,信息,n
 , , ,x
1.,1.,1.,m
 , , ,x
分享,分享,分享,v
 , , ,x
非常重视,非常重视,非常重视,l
保护,保护,保护,v
个人信息,个人信息,个人信息,n
仅,仅,仅,d
会,会,会,v
出于,出于,出于,v
合法,合法,合法,n
正当,正当,正当,a
特定,特定,特定,d
目的,目的,目的,n
第三方,第三方,第三方,m
提供,提供,提供,v
个人信息,个人信息,个人信息,n
接收,接收,接收,v
提供,提供,提供,v
个人信息,个人信息,个人信息,n
公司,公司,公司,n
组织,组织,组织,v
会,会,会,v
签署,签署,签署,v
保密,保密,保密,n
协定,协定,协定,v
政策,政策,政策,n
相关,相关,相关,v
保密,保密,保密,n
安全措施,安全措施,安全措施,nr
信息,信息,信息,n
 , , ,x
1.1,1.1,1.1,m
第三方,第三方,第三方,m
服务,服务,服务,vn
 , , ,x
保障,保障,保障,v
游戏,游戏,游戏,n
稳定,稳定,稳定,a
运行,运行,运行,v
特定,特定,特定,d
功能,功能,功能,n
游戏,游戏,游戏,n
中,中,中,f
服务,服务,服务,vn
第三方,第三方,第三方,m
提供,提供,提供,v
会,会,会,v
审慎,审慎,审慎,a
选择,选择,选择,v
第三方,第三方,第三方,m
第三方,第三方,第三方,m
服务,服务,服务,vn
督促,督促,督促,v
相关,相关,相关,v
第三方,第三方,第三方,m
政策,政策,政策,n
另行,另行,另行,v
达成,达成,达成,v
约定,约定,约定,v
收集,收集,收集,v
个人信息,个人信息,个人信息,n
技术,技术,技术,n
管理,管理,管理,vn
措施,措施,措施,n
保障,保障,保障,v
信息安全,信息安全,信息安全,nz
第三方,第三方,第三方,m
信息,信息,信息,n
共享,共享,共享,v
清单,清单,清单,a
 , , ,x
第三方,第三方,第三方,m
SDK,sdk,SDK,eng
名称,名称,名称,n
 , , ,x
第三方,第三方,第三方,m
SDK,sdk,SDK,eng
运营,运营,运营,vn
方,方,方,n
 , , ,x
系统,系统,系统,n
 , , ,x
涉及,涉及,涉及,v
个人信息,个人信息,个人信息,n
类型,类型,类型,n
/,/,/,x
获取,获取,获取,v
权限,权限,权限,n
 , , ,x
用途,用途,用途,n
目的,目的,目的,n
 , , ,x
方式,方式,方式,n
 , , ,x
隐私,隐私,隐私,b
政策,政策,政策,n
官网,官网,官网,n
链接,链接,链接,n
 , , ,x
微信,微信,微信,vn
支付,支付,支付,v
 , , ,x
深圳市,深圳市,深圳市,ns
腾讯,腾讯,腾讯,nz
计算机系统,计算机系统,计算机系统,n
有限公司,有限公司,有限公司,n
 , , ,x
安卓,安卓,安卓,nr
 , , ,x
设备,设备,设备,vn
标识,标识,标识,n
信息,信息,信息,n
MAC,mac,MAC,eng
/,/,/,x
Android,android,Android,eng
 , , ,x
ID,id,ID,eng
/,/,/,x
IMEI,imei,IMEI,eng
/,/,/,x
IMSI,imsi,IMSI,eng
/,/,/,x
硬件,硬件,硬件,n
序列号,序列号,序列号,n
存储,存储,存储,j
权限,权限,权限,n
ip,ip,ip,eng
地址,地址,地址,n
订单,订单,订单,n
金额,金额,金额,n
 , , ,x
支付,支付,支付,v
 , , ,x
去,去,去,v
标识,标识,标识,n
化,化,化,v
加密,加密,加密,ns
 , , ,x
https,https,https,eng
:,:,:,x
/,/,/,x
/,/,/,x
privacy,privacy,privacy,eng
.,.,.,m
qq,qq,qq,eng
.,.,.,m
com,com,com,eng
/,/,/,x
 , , ,x
支付宝,支付宝,支付宝,nr
支付,支付,支付,v
 , , ,x
浙江,浙江,浙江,ns
蚂蚁,蚂蚁,蚂蚁,n
小微,小微,小微,nr
金融服务,金融服务,金融服务,n
集团股份,集团股份,集团股份,nz
有限公司,有限公司,有限公司,n
 , , ,x
安卓,安卓,安卓,nr
 , , ,x
访问,访问,访问,v
网络,网络,网络,n
获取,获取,获取,v
网络,网络,网络,n
状态,状态,状态,n
读取,读取,读取,v
网络,网络,网络,n
状态,状态,状态,n
身份,身份,身份,n
获取,获取,获取,v
设备,设备,设备,vn
Mac,mac,Mac,eng
地址,地址,地址,n
获取,获取,获取,v
设备,设备,设备,vn
IMEI,imei,IMEI,eng
号,号,号,m
读取,读取,读取,v
写入,写入,写入,v
存储,存储,存储,j
订单,订单,订单,n
金额,金额,金额,n
 , , ,x
支付,支付,支付,v
 , , ,x
去,去,去,v
标识,标识,标识,n
化,化,化,v
加密,加密,加密,ns
 , , ,x
https,https,https,eng
:,:,:,x
/,/,/,x
/,/,/,x
render,render,render,eng
.,.,.,m
alipay,alipay,alipay,eng
.,.,.,m
com,com,com,eng
/,/,/,x
p,p,p,x
/,/,/,x
c,c,c,x
/,/,/,x
k2cx0tg8,k2cx0tg8,k2cx0tg8,eng
 , , ,x
数美,数美,数美,m
SDK,sdk,SDK,eng
 , , ,x
北京,北京,北京,ns
数美,数美,数美,m
时代,时代,时代,n
科技,科技,科技,n
有限公司,有限公司,有限公司,n
 , , ,x
IOS,ios,IOS,eng
/,/,/,x
安卓,安卓,安卓,nr
 , , ,x
设备,设备,设备,vn
mac,mac,mac,eng
地址,地址,地址,n
设备,设备,设备,vn
唯一,唯一,唯一,b
识别码,识别码,识别码,l
设备,设备,设备,vn
配置,配置,配置,v
信息,信息,信息,n
安装,安装,安装,v
软件,软件,软件,n
列表,列表,列表,n
系统,系统,系统,n
软件,软件,软件,n
相关,相关,相关,v
配置,配置,配置,v
信息,信息,信息,n
 , , ,x
WIFI,wifi,WIFI,eng
蜂窝,蜂窝,蜂窝,n
网络,网络,网络,n
信息,信息,信息,n
 , , ,x
用于,用于,用于,v
风险,风险,风险,n
控制,控制,控制,v
反,反,反,v
欺诈,欺诈,欺诈,vn
保障,保障,保障,v
账户,账户,账户,n
交易,交易,交易,n
 , , ,x
去,去,去,v
标识,标识,标识,n
化,化,化,v
加密,加密,加密,ns
 , , ,x
https,https,https,eng
:,:,:,x
/,/,/,x
/,/,/,x
www,www,www,eng
.,.,.,m
ishumei,ishumei,ishumei,eng
.,.,.,m
com,com,com,eng
/,/,/,x
legal,legal,legal,eng
/,/,/,x
cn,cn,cn,eng
/,/,/,x
privacy,privacy,privacy,eng
.,.,.,m
html,html,html,eng
 , , ,x
Appsflyer,appsflyer,Appsflyer,eng
 , , ,x
SDK,sdk,SDK,eng
 , , ,x
AppsFlyer,appsflyer,AppsFlyer,eng
 , , ,x
IOS,ios,IOS,eng
/,/,/,x
安卓,安卓,安卓,nr
 , , ,x
设备,设备,设备,vn
类型,类型,类型,n
型号,型号,型号,n
唯一,唯一,唯一,b
标识符,标识符,标识符,n
操作系统,操作系统,操作系统,l
版本,版本,版本,n
网络,网络,网络,n
信息,信息,信息,n
状态,状态,状态,n
匿名,匿名,匿名,v
设备,设备,设备,vn
标识符,标识符,标识符,n
OAID,oaid,OAID,eng
 , , ,x
广告,广告,广告,n
归因,归因,归因,n
广告,广告,广告,n
防,防,防,v
作弊,作弊,作弊,n
 , , ,x
去,去,去,v
标识,标识,标识,n
化,化,化,v
加密,加密,加密,ns
 , , ,x
https,https,https,eng
:,:,:,x
/,/,/,x
/,/,/,x
www,www,www,eng
.,.,.,m
appsflyer,appsflyer,appsflyer,eng
.,.,.,m
com,com,com,eng
/,/,/,x
services,services,services,eng
-,-,-,x
privacy,privacy,privacy,eng
-,-,-,x
policy,policy,policy,eng
/,/,/,x
 , , ,x
网易,网易,网易,n
易盾,易盾,易盾,nr
SDK,sdk,SDK,eng
 , , ,x
杭州,杭州,杭州,ns
网易,网易,网易,n
易盾,易盾,易盾,nr
科技,科技,科技,n
有限公司,有限公司,有限公司,n
 , , ,x
IOS,ios,IOS,eng
/,/,/,x
安卓,安卓,安卓,nr
 , , ,x
访问,访问,访问,v
手机,手机,手机,n
状态,状态,状态,n
访问,访问,访问,v
网络,网络,网络,n
获取,获取,获取,v
网络,网络,网络,n
信息,信息,信息,n
状态,状态,状态,n
获取,获取,获取,v
wifi,wifi,wifi,eng
网络,网络,网络,n
信息,信息,信息,n
状态,状态,状态,n
设备,设备,设备,vn
标志,标志,标志,n
信息,信息,信息,n
日志,日志,日志,ns
信息,信息,信息,n
 , , ,x
保护,保护,保护,v
反,反,反,zg
欺诈,欺诈,欺诈,vn
保护,保护,保护,v
 , , ,x
去,去,去,v
标识,标识,标识,n
化,化,化,v
加密,加密,加密,ns
 , , ,x
https,https,https,eng
:,:,:,x
/,/,/,x
/,/,/,x
dun,dun,dun,eng
.163.,.163.,.163.,m
com,com,com,eng
/,/,/,x
clause,clause,clause,eng
/,/,/,x
privacy,privacy,privacy,eng
 , , ,x
腾讯,腾讯,腾讯,nz
Bugly,bugly,Bugly,eng
 , , ,x
SDK,sdk,SDK,eng
 , , ,x
深圳市,深圳市,深圳市,ns
腾讯,腾讯,腾讯,nz
计算机系统,计算机系统,计算机系统,n
有限公司,有限公司,有限公司,n
 , , ,x
IOS,ios,IOS,eng
/,/,/,x
安卓,安卓,安卓,nr
 , , ,x
设备,设备,设备,vn
型号,型号,型号,n
品牌,品牌,品牌,n
操作系统,操作系统,操作系统,l
版本,版本,版本,n
磁盘空间,磁盘空间,磁盘空间,n
磁盘,磁盘,磁盘,n
剩余,剩余,剩余,v
空间,空间,空间,n
内存空间,内存空间,内存空间,n
cpu,cpu,cpu,eng
架构,架构,架构,n
类型,类型,类型,n
cpu,cpu,cpu,eng
属性,属性,属性,n
wifi,wifi,wifi,eng
状态,状态,状态,n
mac,mac,mac,eng
地址,地址,地址,n
网络,网络,网络,n
类型,类型,类型,n
获取,获取,获取,v
运行,运行,运行,v
中,中,中,f
进程,进程,进程,n
信息,信息,信息,n
读取,读取,读取,v
系统,系统,系统,n
底层,底层,底层,n
日志,日志,日志,ns
读取,读取,读取,v
写入,写入,写入,v
存储,存储,存储,j
获取,获取,获取,v
Android,android,Android,eng
 , , ,x
ID,id,ID,eng
 , , ,x
排查,排查,排查,vn
崩溃,崩溃,崩溃,v
提升,提升,提升,v
稳定性,稳定性,稳定性,n
 , , ,x
去,去,去,v
标识,标识,标识,n
化,化,化,v
加密,加密,加密,ns
 , , ,x
https,https,https,eng
:,:,:,x
/,/,/,x
/,/,/,x
privacy,privacy,privacy,eng
.,.,.,m
qq,qq,qq,eng
.,.,.,m
com,com,com,eng
/,/,/,x
policy,policy,policy,eng
/,/,/,x
tencent,tencent,tencent,eng
-,-,-,x
privacypolicy,privacypolicy,privacypolicy,eng
 , , ,x
1.2,1.2,1.2,m
游戏,游戏,游戏,n
产品,产品,产品,n
研发,研发,研发,j
方,方,方,n
共享,共享,共享,v
 , , ,x
运营,运营,运营,vn
游戏,游戏,游戏,n
产品,产品,产品,n
研发,研发,研发,j
开发,开发,开发,v
主体,主体,主体,n
相关,相关,相关,v
第三方,第三方,第三方,m
共享,共享,共享,v
游戏,游戏,游戏,n
中,中,中,f
日志,日志,日志,ns
相关,相关,相关,v
信息,信息,信息,n
登录,登录,登录,v
日志,日志,日志,ns
用于,用于,用于,v
游戏,游戏,游戏,n
分析,分析,分析,vn
完善,完善,完善,v
游戏,游戏,游戏,n
服务,服务,服务,vn
进一步,进一步,进一步,d
优化,优化,优化,vn
游戏,游戏,游戏,n
体验,体验,体验,n
共享,共享,共享,v
前述,前述,前述,b
信息,信息,信息,n
会,会,会,v
相关,相关,相关,v
法律,法律,法律,n
采取相应,采取相应,采取相应,nr
合规,合规,合规,vn
措施,措施,措施,n
确保,确保,确保,v
个人信息,个人信息,个人信息,n
共享,共享,共享,v
符合规定,符合规定,符合规定,n
前述,前述,前述,b
合规,合规,合规,vn
措施,措施,措施,n
包括,包括,包括,v
不,不,不,d
限于,限于,限于,v
开发,开发,开发,v
主体,主体,主体,n
相关,相关,相关,v
第三方,第三方,第三方,m
政策,政策,政策,n
达成,达成,达成,v
约定,约定,约定,v
收集,收集,收集,v
个人信息,个人信息,个人信息,n
督促,督促,督促,v
开发,开发,开发,v
主体,主体,主体,n
相关,相关,相关,v
第三方,第三方,第三方,m
技术,技术,技术,n
管理,管理,管理,vn
措施,措施,措施,n
保障,保障,保障,v
信息安全,信息安全,信息安全,nz
 , , ,x
1.3,1.3,1.3,m
广告投放,广告投放,广告投放,l
方,方,方,n
共享,共享,共享,v
 , , ,x
投放,投放,投放,v
广告,广告,广告,n
评估,评估,评估,vn
优化,优化,优化,vn
广告投放,广告投放,广告投放,l
效果,效果,效果,n
目的,目的,目的,n
广告主,广告主,广告主,n
代理商,代理商,代理商,n
第三方,第三方,第三方,m
合作伙伴,合作伙伴,合作伙伴,n
共享,共享,共享,v
数据,数据,数据,n
会,会,会,v
严格遵守,严格遵守,严格遵守,nr
数据,数据,数据,n
隐私,隐私,隐私,b
保护,保护,保护,v
措施,措施,措施,n
包括,包括,包括,v
不,不,不,d
限于,限于,限于,v
数据保护,数据保护,数据保护,n
协议,协议,协议,n
承诺书,承诺书,承诺书,nr
相关,相关,相关,v
数据处理,数据处理,数据处理,n
政策,政策,政策,n
数据处理,数据处理,数据处理,n
识别,识别,识别,v
出,出,出,v
个人身份,个人身份,个人身份,n
保障,保障,保障,v
隐私,隐私,隐私,b
 , , ,x
1.4,1.4,1.4,m
未成年人,未成年人,未成年人,l
监护人,监护人,监护人,n
共享,共享,共享,v
 , , ,x
更好,更好,更好,d
保护,保护,保护,v
未成年人,未成年人,未成年人,l
身心健康,身心健康,身心健康,l
促使,促使,促使,v
未成年人,未成年人,未成年人,l
健康,健康,健康,a
上网,上网,上网,v
会,会,会,v
疑似,疑似,疑似,v
未成年人,未成年人,未成年人,l
消费,消费,消费,vn
后,后,后,f
尝试,尝试,尝试,vn
监护人,监护人,监护人,n
相关,相关,相关,v
消费,消费,消费,vn
记录,记录,记录,n
信息,信息,信息,n
告知,告知,告知,v
监护人,监护人,监护人,n
提醒,提醒,提醒,v
确认,确认,确认,v
 , , ,x
2.,2.,2.,m
 , , ,x
转让,转让,转让,v
 , , ,x
2.1,2.1,2.1,m
业务,业务,业务,n
持续,持续,持续,vd
发展,发展,发展,vn
合并,合并,合并,v
收购,收购,收购,v
资产,资产,资产,n
转让,转让,转让,v
类似,类似,类似,v
交易,交易,交易,n
信息,信息,信息,n
此类,此类,此类,r
交易,交易,交易,n
一部分,一部分,一部分,m
转移,转移,转移,v
会,会,会,v
新,新,新,a
持有,持有,持有,v
信息,信息,信息,n
公司,公司,公司,n
主体,主体,主体,n
受,受,受,v
隐私,隐私,隐私,b
政策,政策,政策,n
约束,约束,约束,vn
公司,公司,公司,n
主体,主体,主体,n
征求,征求,征求,v
授权,授权,授权,v
同意,同意,同意,d
 , , ,x
2.2,2.2,2.2,m
同意,同意,同意,d
后,后,后,f
会,会,会,v
方,方,方,n
转让,转让,转让,v
信息,信息,信息,n
 , , ,x
3.,3.,3.,m
 , , ,x
披露,披露,披露,v
 , , ,x
关联,关联,关联,ns
公司,公司,公司,n
仅,仅,仅,d
会,会,会,v
情况,情况,情况,n
下,下,下,f
符合,符合,符合,v
业界,业界,业界,n
标准,标准,标准,n
防护,防护,防护,v
措施,措施,措施,n
前提,前提,前提,n
下,下,下,f
披露,披露,披露,v
信息,信息,信息,n
 , , ,x
3.1,3.1,3.1,m
需求,需求,需求,v
同意,同意,同意,d
披露,披露,披露,v
方式,方式,方式,n
下,下,下,f
披露,披露,披露,v
指定,指定,指定,v
信息,信息,信息,n
 , , ,x
3.2,3.2,3.2,m
基于,基于,基于,p
法律,法律,法律,n
披露,披露,披露,v
法律,法律,法律,n
法律,法律,法律,n
程序,程序,程序,n
诉讼,诉讼,诉讼,vn
政府,政府,政府,n
主管部门,主管部门,主管部门,n
强制性,强制性,强制性,n
情况,情况,情况,n
下,下,下,f
会,会,会,v
公开,公开,公开,ad
披露,披露,披露,v
个人信息,个人信息,个人信息,n
 , , ,x
3.3,3.3,3.3,m
遵守,遵守,遵守,v
法律法规,法律法规,法律法规,n
维护,维护,维护,v
社会,社会,社会,n
公共利益,公共利益,公共利益,n
保护,保护,保护,v
客户,客户,客户,n
关联,关联,关联,ns
公司,公司,公司,n
用户,用户,用户,n
雇员,雇员,雇员,n
人身,人身,人身,n
财产,财产,财产,n
合法权益,合法权益,合法权益,n
必需,必需,必需,v
用途,用途,用途,n
 , , ,x
三,三,三,m
保留,保留,保留,v
储存,储存,储存,n
保护,保护,保护,v
信息,信息,信息,n
 , , ,x
1.,1.,1.,m
 , , ,x
个人信息,个人信息,个人信息,n
存储,存储,存储,j
 , , ,x
1.1,1.1,1.1,m
法律法规,法律法规,法律法规,n
监管部门,监管部门,监管部门,n
外,外,外,f
仅,仅,仅,d
政策,政策,政策,n
所述,所述,所述,b
目的,目的,目的,n
必需,必需,必需,v
最短,最短,最短,a
时限,时限,时限,n
内,内,内,n
存储,存储,存储,j
个人信息,个人信息,个人信息,n
 , , ,x
1.2,1.2,1.2,m
终止,终止,终止,v
服务,服务,服务,vn
运营,运营,运营,vn
停止,停止,停止,v
收集,收集,收集,v
个人信息,个人信息,个人信息,n
活动,活动,活动,vn
会,会,会,v
遵守,遵守,遵守,v
相关,相关,相关,v
法律法规,法律法规,法律法规,n
提前,提前,提前,v
通知,通知,通知,v
终止,终止,终止,v
服务,服务,服务,vn
运营,运营,运营,vn
后,后,后,f
个人信息,个人信息,个人信息,n
删除,删除,删除,v
匿名,匿名,匿名,v
化,化,化,n
法律法规,法律法规,法律法规,n
监管部门,监管部门,监管部门,n
除外,除外,除外,c
 , , ,x
1.3,1.3,1.3,m
申请,申请,申请,v
注销,注销,注销,v
账户,账户,账户,n
主动,主动,主动,b
删除,删除,删除,v
个人信息,个人信息,个人信息,n
超出,超出,超出,v
期限,期限,期限,n
后,后,后,f
个人信息,个人信息,个人信息,n
删除,删除,删除,v
匿名,匿名,匿名,v
化,化,化,n
法律法规,法律法规,法律法规,n
保留,保留,保留,v
期限,期限,期限,n
除外,除外,除外,c
 , , ,x
2.,2.,2.,m
 , , ,x
个人信息,个人信息,个人信息,n
保护,保护,保护,v
 , , ,x
非常重视,非常重视,非常重视,l
信息安全,信息安全,信息安全,nz
成立,成立,成立,v
团队,团队,团队,n
可行,可行,可行,v
措施,措施,措施,n
保护,保护,保护,v
个人信息,个人信息,个人信息,n
 , , ,x
2.1,2.1,2.1,m
数据,数据,数据,n
安全措施,安全措施,安全措施,nr
 , , ,x
2.1.1,2.1.1,2.1.1,m
会,会,会,v
采用,采用,采用,v
符合,符合,符合,v
业界,业界,业界,n
标准,标准,标准,n
防护,防护,防护,v
措施,措施,措施,n
包括,包括,包括,v
建立,建立,建立,v
制度,制度,制度,n
规范,规范,规范,n
技术,技术,技术,n
个人信息,个人信息,个人信息,n
未经,未经,未经,d
授权,授权,授权,v
访问,访问,访问,v
修改,修改,修改,v
数据,数据,数据,n
损坏,损坏,损坏,v
丢失,丢失,丢失,v
 , , ,x
2.1.2,2.1.2,2.1.2,m
服务,服务,服务,vn
了去,了去,了去,v
标识,标识,标识,n
化,化,化,v
多种,多种,多种,m
加密技术,加密技术,加密技术,n
利用,利用,利用,n
技术,技术,技术,n
SSL,ssl,SSL,eng
个人信息,个人信息,个人信息,n
加密,加密,加密,ns
保存,保存,保存,v
隔离,隔离,隔离,v
技术,技术,技术,n
隔离,隔离,隔离,v
保护,保护,保护,v
个人信息,个人信息,个人信息,n
 , , ,x
2.1.3,2.1.3,2.1.3,m
个人信息,个人信息,个人信息,n
时,时,时,n
信息,信息,信息,n
展示,展示,展示,v
信息,信息,信息,n
关联,关联,关联,ns
计算,计算,计算,v
会,会,会,v
采用,采用,采用,v
多种,多种,多种,m
数据,数据,数据,n
脱敏,脱敏,脱敏,nr
技术,技术,技术,n
增强,增强,增强,v
信息,信息,信息,n
中,中,中,f
安全性,安全性,安全性,nr
 , , ,x
2.1.4,2.1.4,2.1.4,m
还,还,还,d
会,会,会,v
采用,采用,采用,v
数据,数据,数据,n
访问,访问,访问,v
权限,权限,权限,n
控制,控制,控制,v
多重,多重,多重,m
身份,身份,身份,n
认证,认证,认证,v
技术,技术,技术,n
保护,保护,保护,v
个人信息,个人信息,个人信息,n
数据,数据,数据,n
违规,违规,违规,vn
 , , ,x
2.2,2.2,2.2,m
保护,保护,保护,v
个人信息,个人信息,个人信息,n
安全措施,安全措施,安全措施,nr
 , , ,x
2.2.1,2.2.1,2.2.1,m
行业,行业,行业,n
先进,先进,先进,a
数据,数据,数据,n
核心,核心,核心,n
围绕,围绕,围绕,v
数据,数据,数据,n
生命周期,生命周期,生命周期,n
数据安全,数据安全,数据安全,n
管理体系,管理体系,管理体系,n
组织,组织,组织,v
建设,建设,建设,vn
制度,制度,制度,n
设计,设计,设计,vn
人员,人员,人员,n
管理,管理,管理,vn
产品,产品,产品,n
技术,技术,技术,n
多维度,多维度,多维度,ns
提升,提升,提升,v
系统,系统,系统,n
安全性,安全性,安全性,nr
建立,建立,建立,v
数据,数据,数据,n
分类,分类,分类,n
分级制度,分级制度,分级制度,n
数据安全,数据安全,数据安全,n
管理,管理,管理,vn
规范,规范,规范,n
数据安全,数据安全,数据安全,n
开发,开发,开发,v
规范,规范,规范,n
管理,管理,管理,vn
规范,规范,规范,n
个人信息,个人信息,个人信息,n
存储,存储,存储,j
 , , ,x
2.2.2,2.2.2,2.2.2,m
信息,信息,信息,n
接触,接触,接触,v
保密,保密,保密,n
协议,协议,协议,n
监控,监控,监控,vn
审计,审计,审计,v
机制,机制,机制,n
数据,数据,数据,n
安全控制,安全控制,安全控制,nz
 , , ,x
2.2.3,2.2.3,2.2.3,m
还,还,还,d
会,会,会,v
举办,举办,举办,v
隐私,隐私,隐私,b
保护,保护,保护,v
培训,培训,培训,vn
课程,课程,课程,n
员工,员工,员工,n
安全意识,安全意识,安全意识,i
个人信息,个人信息,个人信息,n
保护,保护,保护,v
政策,政策,政策,n
相关,相关,相关,v
规程,规程,规程,n
 , , ,x
2.2.4,2.2.4,2.2.4,m
仅,仅,仅,d
知晓,知晓,知晓,v
信息,信息,信息,n
员工,员工,员工,n
合作伙伴,合作伙伴,合作伙伴,n
访问,访问,访问,v
个人信息,个人信息,个人信息,n
为此,为此,为此,r
设置,设置,设置,vn
访问,访问,访问,v
权限,权限,权限,n
控制,控制,控制,v
监控,监控,监控,vn
机制,机制,机制,n
接触,接触,接触,v
个人信息,个人信息,个人信息,n
人员,人员,人员,n
履行,履行,履行,v
保密,保密,保密,n
义务,义务,义务,n
未能,未能,未能,v
履行,履行,履行,v
义务,义务,义务,n
会,会,会,v
追究,追究,追究,v
法律责任,法律责任,法律责任,n
中止,中止,中止,v
合作,合作,合作,vn
关系,关系,关系,n
 , , ,x
2.2.5,2.2.5,2.2.5,m
互联网,互联网,互联网,n
环境,环境,环境,n
并非,并非,并非,c
百分之百,百分之百,百分之百,m
尽力,尽力,尽力,d
确保,确保,确保,v
担保,担保,担保,v
发送给,发送给,发送给,n
个人信息,个人信息,个人信息,n
安全性,安全性,安全性,nr
物理,物理,物理,n
技术,技术,技术,n
管理,管理,管理,vn
防护,防护,防护,v
设施,设施,设施,n
破坏,破坏,破坏,v
导致,导致,导致,v
个人信息,个人信息,个人信息,n
泄露,泄露,泄露,v
篡改,篡改,篡改,v
丢失,丢失,丢失,v
导致,导致,导致,v
合法权益,合法权益,合法权益,n
受损,受损,受损,v
法律,法律,法律,n
第一,第一,第一,m
时间,时间,时间,n
通知,通知,通知,v
承担,承担,承担,v
法律责任,法律责任,法律责任,n
 , , ,x
3.,3.,3.,m
 , , ,x
安全事件,安全事件,安全事件,nz
处置,处置,处置,v
 , , ,x
3.1,3.1,3.1,m
应对,应对,应对,v
个人信息,个人信息,个人信息,n
泄露,泄露,泄露,v
篡改,篡改,篡改,v
丢失,丢失,丢失,v
风险,风险,风险,n
制定,制定,制定,v
多项,多项,多项,m
制度,制度,制度,n
安全事件,安全事件,安全事件,nz
安全漏洞,安全漏洞,安全漏洞,n
分类,分类,分类,n
分级,分级,分级,vn
标准,标准,标准,n
流程,流程,流程,n
安全事件,安全事件,安全事件,nz
建立,建立,建立,v
应急,应急,应急,vn
响应,响应,响应,v
团队,团队,团队,n
安全事件,安全事件,安全事件,nz
处置,处置,处置,v
规范,规范,规范,n
针对,针对,针对,p
安全事件,安全事件,安全事件,nz
启动,启动,启动,vn
预案,预案,预案,n
止损,止损,止损,v
分析,分析,分析,vn
定位,定位,定位,n
制定,制定,制定,v
补救措施,补救措施,补救措施,n
联合,联合,联合,v
相关,相关,相关,v
部门,部门,部门,n
溯源,溯源,溯源,v
打击,打击,打击,v
亦,亦,亦,d
定期,定期,定期,vn
组织,组织,组织,v
内部,内部,内部,f
培训,培训,培训,vn
应急,应急,应急,vn
演练,演练,演练,vn
相关,相关,相关,v
工作人员,工作人员,工作人员,n
应急,应急,应急,vn
处置,处置,处置,v
策略,策略,策略,n
规程,规程,规程,n
 , , ,x
3.2,3.2,3.2,m
发生,发生,发生,v
不幸,不幸,不幸,a
发生,发生,发生,v
信息安全,信息安全,信息安全,nz
事件,事件,事件,n
法律法规,法律法规,法律法规,n
补救措施,补救措施,补救措施,n
告知,告知,告知,v
安全事件,安全事件,安全事件,nz
情况,情况,情况,n
影响,影响,影响,vn
已,已,已,d
将要,将要,将要,d
处置,处置,处置,v
措施,措施,措施,n
自主,自主,自主,v
防范,防范,防范,v
降低,降低,降低,v
风险,风险,风险,n
建议,建议,建议,n
补救措施,补救措施,补救措施,n
事件,事件,事件,n
相关,相关,相关,v
情况,情况,情况,n
邮件,邮件,邮件,n
信函,信函,信函,n
电话,电话,电话,n
推送,推送,推送,v
通知,通知,通知,v
方式,方式,方式,n
告知,告知,告知,v
难以,难以,难以,d
逐一,逐一,逐一,d
告知,告知,告知,v
信息,信息,信息,n
主体,主体,主体,n
时,时,时,n
会,会,会,v
方式,方式,方式,n
发布公告,发布公告,发布公告,n
还,还,还,d
监管部门,监管部门,监管部门,n
主动,主动,主动,b
上报,上报,上报,v
信息安全,信息安全,信息安全,nz
事件,事件,事件,n
处置,处置,处置,v
情况,情况,情况,n
 , , ,x
4.,4.,4.,m
 , , ,x
提示,提示,提示,v
 , , ,x
4.1,4.1,4.1,m
请,请,请,v
理解,理解,理解,v
技术,技术,技术,n
风险,风险,风险,n
防范,防范,防范,v
局限,局限,局限,n
尽量,尽量,尽量,d
安全措施,安全措施,安全措施,nr
始终,始终,始终,d
保证,保证,保证,v
信息,信息,信息,n
百分之百,百分之百,百分之百,m
接入,接入,接入,v
游戏,游戏,游戏,n
服务,服务,服务,vn
所用,所用,所用,b
系统,系统,系统,n
通讯,通讯,通讯,nz
网络,网络,网络,n
可控,可控,可控,v
外,外,外,f
情况,情况,情况,n
发生,发生,发生,v
 , , ,x
请,请,请,v
务必,务必,务必,d
妥善,妥善,妥善,v
保管,保管,保管,v
好,好,好,a
账号密码,账号密码,账号密码,n
身份,身份,身份,n
要素,要素,要素,n
游戏,游戏,游戏,n
服务,服务,服务,vn
时,时,时,n
会,会,会,v
账号密码,账号密码,账号密码,n
身份,身份,身份,n
要素,要素,要素,n
识别,识别,识别,v
身份,身份,身份,n
泄露,泄露,泄露,v
前述,前述,前述,b
信息,信息,信息,n
会,会,会,v
蒙受损失,蒙受损失,蒙受损失,l
不利,不利,不利,a
发现,发现,发现,v
帐号密码,帐号密码,帐号密码,n
身份,身份,身份,n
要素,要素,要素,n
泄露,泄露,泄露,v
时,时,时,ng
请,请,请,v
取得联系,取得联系,取得联系,n
采取相应,采取相应,采取相应,nr
措施,措施,措施,n
降低,降低,降低,v
相关,相关,相关,v
损失,损失,损失,n
 , , ,x
5.,5.,5.,m
 , , ,x
信息,信息,信息,n
存储,存储,存储,j
地点,地点,地点,n
 , , ,x
遵守,遵守,遵守,v
法律法规,法律法规,法律法规,n
相关,相关,相关,v
境内,境内,境内,s
收集,收集,收集,v
用户,用户,用户,n
个人信息,个人信息,个人信息,n
存储,存储,存储,j
境内,境内,境内,s
 , , ,x
四,四,四,m
行使,行使,行使,n
个人信息,个人信息,个人信息,n
相关,相关,相关,v
权利,权利,权利,n
 , , ,x
1.,1.,1.,m
 , , ,x
访问,访问,访问,v
更新,更新,更新,d
删除,删除,删除,v
 , , ,x
1.1,1.1,1.1,m
游戏,游戏,游戏,n
产品,产品,产品,n
中,中,中,f
查阅,查阅,查阅,v
账号,账号,账号,n
基础,基础,基础,n
信息,信息,信息,n
账号,账号,账号,n
头像,头像,头像,n
昵称,昵称,昵称,n
选择,选择,选择,v
填写,填写,填写,v
个人信息,个人信息,个人信息,n
游戏,游戏,游戏,n
历史,历史,历史,n
信息,信息,信息,n
角色,角色,角色,n
等级,等级,等级,b
成就,成就,成就,n
战绩,战绩,战绩,n
具体情况,具体情况,具体情况,l
更正,更正,更正,d
补充,补充,补充,v
账号,账号,账号,n
基础,基础,基础,n
信息,信息,信息,n
 , , ,x
1.2,1.2,1.2,m
查阅,查阅,查阅,v
复制,复制,复制,v
转移,转移,转移,v
更正,更正,更正,d
补充,补充,补充,v
删除,删除,删除,v
需求,需求,需求,v
游戏,游戏,游戏,n
产品,产品,产品,n
功能,功能,功能,n
过程,过程,过程,n
中,中,中,f
疑惑,疑惑,疑惑,v
困难,困难,困难,an
游戏,游戏,游戏,n
内,内,内,n
客服,客服,客服,n
dhsupport,dhsupport,dhsupport,eng
@,@,@,x
droidhang,droidhang,droidhang,eng
.,.,.,m
com,com,com,eng
会,会,会,v
 , , ,x
1.3,1.3,1.3,m
请,请,请,v
个人信息,个人信息,个人信息,n
权利,权利,权利,n
响应,响应,响应,v
申请,申请,申请,v
时,时,时,ng
保障,保障,保障,v
账号,账号,账号,n
信息安全,信息安全,信息安全,nz
会,会,会,v
身份,身份,身份,n
账号,账号,账号,n
状态,状态,状态,n
验证,验证,验证,v
请求,请求,请求,v
尽可能,尽可能,尽可能,d
予以,予以,予以,v
支持,支持,支持,v
超出,超出,超出,v
个人信息,个人信息,个人信息,n
存储,存储,存储,j
超过,超过,超过,v
限度,限度,限度,n
响应,响应,响应,v
请求,请求,请求,v
导致,导致,导致,v
第三方,第三方,第三方,m
合法权益,合法权益,合法权益,n
受损,受损,受损,v
情形,情形,情形,n
下,下,下,f
响应,响应,响应,v
申请,申请,申请,v
相关,相关,相关,v
信息,信息,信息,n
删除,删除,删除,v
账号,账号,账号,n
注销,注销,注销,v
恢复,恢复,恢复,v
请,请,请,v
谨慎,谨慎,谨慎,a
操作,操作,操作,v
 , , ,x
2.,2.,2.,m
 , , ,x
公开,公开,公开,ad
分享,分享,分享,v
 , , ,x
2.1,2.1,2.1,m
多项,多项,多项,m
服务,服务,服务,vn
可让,可让,可让,v
社交,社交,社交,n
网络,网络,网络,n
服务,服务,服务,vn
用户,用户,用户,n
公开,公开,公开,ad
分享,分享,分享,v
相关,相关,相关,v
信息,信息,信息,n
服务,服务,服务,vn
中,中,中,f
上传,上传,上传,v
发布,发布,发布,v
信息,信息,信息,n
包括,包括,包括,v
公开,公开,公开,ad
个人信息,个人信息,个人信息,n
建立,建立,建立,v
名单,名单,名单,n
其他人,其他人,其他人,rr
上传,上传,上传,v
发布,发布,发布,v
信息,信息,信息,n
作出,作出,作出,v
回应,回应,回应,v
信息,信息,信息,n
位置,位置,位置,v
数据,数据,数据,n
日志,日志,日志,ns
信息,信息,信息,n
服务,服务,服务,vn
用户,用户,用户,n
分享,分享,分享,v
信息,信息,信息,n
包括,包括,包括,v
位置,位置,位置,v
数据,数据,数据,n
日志,日志,日志,ns
信息,信息,信息,n
不,不,不,d
删除,删除,删除,v
共享,共享,共享,v
信息,信息,信息,n
信息,信息,信息,n
会,会,会,v
留存,留存,留存,v
公共,公共,公共,b
领域,领域,领域,n
删除,删除,删除,v
共享,共享,共享,v
信息,信息,信息,n
信息,信息,信息,n
仍,仍,仍,zg
用户,用户,用户,n
不受,不受,不受,v
控制,控制,控制,v
非,非,非,h
关联,关联,关联,ns
第三方,第三方,第三方,m
独立,独立,独立,v
缓存,缓存,缓存,v
复制,复制,复制,v
储存,储存,储存,n
用户,用户,用户,n
第三方,第三方,第三方,m
公共,公共,公共,b
领域,领域,领域,n
保存,保存,保存,v
 , , ,x
2.2,2.2,2.2,m
信息,信息,信息,n
渠道,渠道,渠道,n
公开,公开,公开,ad
共享,共享,共享,v
由此,由此,由此,c
信息,信息,信息,n
泄露,泄露,泄露,v
不,不,不,d
承担责任,承担责任,承担责任,l
提醒,提醒,提醒,v
请,请,请,v
慎重考虑,慎重考虑,慎重考虑,nr
渠道,渠道,渠道,n
公开,公开,公开,ad
共享,共享,共享,v
信息,信息,信息,n
 , , ,x
3.,3.,3.,m
 , , ,x
注销,注销,注销,v
 , , ,x
3.1,3.1,3.1,m
随时,随时,随时,d
dhsupport,dhsupport,dhsupport,eng
@,@,@,x
droidhang,droidhang,droidhang,eng
.,.,.,m
com,com,com,eng
注销,注销,注销,v
此前,此前,此前,t
注册,注册,注册,v
账户,账户,账户,n
理解,理解,理解,v
同意,同意,同意,d
保护,保护,保护,v
账户,账户,账户,n
接到,接到,接到,v
申请,申请,申请,v
后,后,后,f
提供,提供,提供,v
账号密码,账号密码,账号密码,n
注册,注册,注册,v
电子邮箱,电子邮箱,电子邮箱,n
手机号,手机号,手机号,n
游戏,游戏,游戏,n
内,内,内,n
交易,交易,交易,n
记录,记录,记录,n
信息,信息,信息,n
验证,验证,验证,v
注销,注销,注销,v
账户,账户,账户,n
申请,申请,申请,v
基于,基于,基于,p
本人,本人,本人,r
真实,真实,真实,d
意愿,意愿,意愿,n
不,不,不,d
提供,提供,提供,v
不,不,不,d
提供,提供,提供,v
前述,前述,前述,b
信息,信息,信息,n
影响,影响,影响,vn
注销,注销,注销,v
账户,账户,账户,n
 , , ,x
3.2,3.2,3.2,m
游戏,游戏,游戏,n
账号,账号,账号,n
注销,注销,注销,v
后,后,后,f
法律法规,法律法规,法律法规,n
协议,协议,协议,n
外,外,外,f
该游戏,该游戏,该游戏,n
账号,账号,账号,n
下,下,下,f
个人信息,个人信息,个人信息,n
删除,删除,删除,v
匿名,匿名,匿名,v
化,化,化,n
此前,此前,此前,t
已,已,已,d
关联,关联,关联,ns
该游戏,该游戏,该游戏,n
账号,账号,账号,n
相关,相关,相关,v
产品,产品,产品,n
服务,服务,服务,vn
不再,不再,不再,d
关联,关联,关联,ns
该游戏,该游戏,该游戏,n
账号,账号,账号,n
注销,注销,注销,v
恢复,恢复,恢复,v
请,请,请,v
谨慎,谨慎,谨慎,a
操作,操作,操作,v
 , , ,x
4.,4.,4.,m
 , , ,x
改变,改变,改变,v
授权,授权,授权,v
同意,同意,同意,d
 , , ,x
4.1,4.1,4.1,m
删除,删除,删除,v
信息,信息,信息,n
关闭,关闭,关闭,v
开启,开启,开启,v
特定,特定,特定,d
产品,产品,产品,n
功能,功能,功能,n
关闭,关闭,关闭,v
开启,开启,开启,v
特定,特定,特定,d
产品,产品,产品,n
获取,获取,获取,v
设备,设备,设备,vn
权限,权限,权限,n
权限,权限,权限,n
用户,用户,用户,n
设备,设备,设备,vn
型号,型号,型号,n
系统,系统,系统,n
版本,版本,版本,n
差异,差异,差异,n
变更,变更,变更,v
收集,收集,收集,v
个人信息,个人信息,个人信息,n
授权,授权,授权,v
 , , ,x
4.2,4.2,4.2,m
撤回,撤回,撤回,v
授权,授权,授权,v
后,后,后,f
授权,授权,授权,v
产品,产品,产品,n
功能,功能,功能,n
不,不,不,d
影响,影响,影响,vn
功能,功能,功能,n
撤回,撤回,撤回,v
授权,授权,授权,v
不,不,不,d
影响,影响,影响,vn
撤回,撤回,撤回,v
前,前,前,f
基于,基于,基于,p
授权,授权,授权,v
信息处理,信息处理,信息处理,n
活动,活动,活动,vn
效力,效力,效力,n
 , , ,x
4.3,4.3,4.3,m
个人信息,个人信息,个人信息,n
收集,收集,收集,v
服务,服务,服务,vn
基础,基础,基础,n
功能,功能,功能,n
希望,希望,希望,v
撤回,撤回,撤回,v
相关,相关,相关,v
个人信息,个人信息,个人信息,n
收集,收集,收集,v
授权,授权,授权,v
导致,导致,导致,v
提供,提供,提供,v
服务,服务,服务,vn
情形,情形,情形,n
下如,下如,下如,v
仍,仍,仍,d
希望,希望,希望,v
撤回,撤回,撤回,v
相关,相关,相关,v
授权,授权,授权,v
申请,申请,申请,v
账号,账号,账号,n
注销,注销,注销,v
需求,需求,需求,v
基于,基于,基于,p
法律法规,法律法规,法律法规,n
游戏,游戏,游戏,n
服务,服务,服务,vn
实名,实名,实名,v
认证,认证,认证,v
希望,希望,希望,v
撤回,撤回,撤回,v
收集,收集,收集,v
实名,实名,实名,v
认证,认证,认证,v
信息,信息,信息,n
授权,授权,授权,v
删除,删除,删除,v
实名,实名,实名,v
认证,认证,认证,v
信息,信息,信息,n
提供,提供,提供,v
游戏,游戏,游戏,n
产品,产品,产品,n
服务,服务,服务,vn
 , , ,x
五,五,五,m
未成年人,未成年人,未成年人,l
保护,保护,保护,v
 , , ,x
5.1,5.1,5.1,m
建议,建议,建议,n
未成年人,未成年人,未成年人,l
参加,参加,参加,v
网上,网上,网上,s
活动,活动,活动,vn
应,应,应,v
事先,事先,事先,d
父母,父母,父母,n
监护人,监护人,监护人,n
简称,简称,简称,v
监护人,监护人,监护人,n
同意,同意,同意,d
国家,国家,国家,n
相关,相关,相关,v
法律法规,法律法规,法律法规,n
保护,保护,保护,v
未成年人,未成年人,未成年人,l
相关,相关,相关,v
信息,信息,信息,n
 , , ,x
5.2,5.2,5.2,m
鼓励,鼓励,鼓励,v
监护人,监护人,监护人,n
指导,指导,指导,n
未成年人,未成年人,未成年人,l
游戏,游戏,游戏,n
服务,服务,服务,vn
未满,未满,未满,v
十四周岁,十四周岁,十四周岁,m
未成年人,未成年人,未成年人,l
请,请,请,v
通知,通知,通知,v
监护人,监护人,监护人,n
阅读,阅读,阅读,v
政策,政策,政策,n
未成年人,未成年人,未成年人,l
保护,保护,保护,v
儿童,儿童,儿童,n
信息,信息,信息,n
保护,保护,保护,v
内容,内容,内容,n
游戏,游戏,游戏,n
服务,服务,服务,vn
提交,提交,提交,v
个人信息,个人信息,个人信息,n
寻求,寻求,寻求,v
同意,同意,同意,d
指导,指导,指导,n
未成年人,未成年人,未成年人,l
监护人,监护人,监护人,n
5.3,5.3,5.3,m
未成年人,未成年人,未成年人,l
注册,注册,注册,v
游戏,游戏,游戏,n
服务,服务,服务,vn
前应,前应,前应,v
仔细阅读,仔细阅读,仔细阅读,n
政策,政策,政策,n
未成年人,未成年人,未成年人,l
保护,保护,保护,v
儿童,儿童,儿童,n
信息,信息,信息,n
保护,保护,保护,v
内容,内容,内容,n
未成年人,未成年人,未成年人,l
注册,注册,注册,v
 , , ,x
5.4,5.4,5.4,m
国家,国家,国家,n
防沉迷,防沉迷,防沉迷,i
政策,政策,政策,n
会,会,会,v
实名,实名,实名,v
身份,身份,身份,n
信息,信息,信息,n
判断,判断,判断,v
相关,相关,相关,v
账号,账号,账号,n
实名,实名,实名,v
信息,信息,信息,n
未成年人,未成年人,未成年人,l
还,还,还,d
会,会,会,v
收集,收集,收集,v
游戏,游戏,游戏,n
过程,过程,过程,n
中,中,中,f
游戏,游戏,游戏,n
数据,数据,数据,n
初步,初步,初步,d
识别,识别,识别,v
是否是,是否是,是否是,l
未成年人,未成年人,未成年人,l
账号,账号,账号,n
纳入,纳入,纳入,v
防沉迷,防沉迷,防沉迷,i
体系,体系,体系,n
中,中,中,f
会,会,会,v
收集,收集,收集,v
登录,登录,登录,v
时间,时间,时间,n
游戏,游戏,游戏,n
时长,时长,时长,n
信息,信息,信息,n
系统,系统,系统,n
层面,层面,层面,n
自动,自动,自动,vn
干预,干预,干预,v
未成年人,未成年人,未成年人,l
游戏,游戏,游戏,n
时间,时间,时间,n
启用,启用,启用,v
强制,强制,强制,v
下线,下线,下线,n
功能,功能,功能,n
方式,方式,方式,n
引导,引导,引导,v
未成年人,未成年人,未成年人,l
游戏,游戏,游戏,n
疑似,疑似,疑似,v
未成年人,未成年人,未成年人,l
消费,消费,消费,vn
后,后,后,f
尝试,尝试,尝试,vn
监护人,监护人,监护人,n
提醒,提醒,提醒,v
确认,确认,确认,v
未成年人,未成年人,未成年人,l
健康,健康,健康,a
上网,上网,上网,v
 , , ,x
六,六,六,m
儿童,儿童,儿童,n
信息,信息,信息,n
保护,保护,保护,v
政策,政策,政策,n
 , , ,x
儿童,儿童,儿童,n
监护人,监护人,监护人,n
特别,特别,特别,d
儿童,儿童,儿童,n
用户,用户,用户,n
监护人,监护人,监护人,n
请,请,请,v
仔细阅读,仔细阅读,仔细阅读,n
选择,选择,选择,v
同意,同意,同意,d
声明,声明,声明,n
希望,希望,希望,v
保护,保护,保护,v
儿童,儿童,儿童,n
个人信息,个人信息,个人信息,n
教育引导,教育引导,教育引导,n
儿童,儿童,儿童,n
增强,增强,增强,v
个人信息,个人信息,个人信息,n
保护意识,保护意识,保护意识,n
能力,能力,能力,n
指导,指导,指导,n
提醒,提醒,提醒,v
未经,未经,未经,d
同意,同意,同意,d
情况,情况,情况,n
下,下,下,f
不,不,不,d
网络,网络,网络,n
产品,产品,产品,n
服务提供者,服务提供者,服务提供者,n
提供,提供,提供,v
个人信息,个人信息,个人信息,n
 , , ,x
儿童,儿童,儿童,n
特别,特别,特别,d
14,14,14,m
周岁,周岁,周岁,m
未成年人,未成年人,未成年人,l
监护人,监护人,监护人,n
仔细阅读,仔细阅读,仔细阅读,n
声明,声明,声明,n
征得,征得,征得,v
监护人,监护人,监护人,n
同意,同意,同意,d
后,后,后,f
产品,产品,产品,n
服务,服务,服务,vn
提供,提供,提供,v
信息,信息,信息,n
 , , ,x
1.,1.,1.,m
 , , ,x
收集,收集,收集,v
信息,信息,信息,n
 , , ,x
严格遵守,严格遵守,严格遵守,nr
法律法规,法律法规,法律法规,n
用户,用户,用户,n
约定,约定,约定,v
选择,选择,选择,v
产品,产品,产品,n
服务,服务,服务,vn
具体情况,具体情况,具体情况,l
收集,收集,收集,v
监护,监护,监护,vn
儿童,儿童,儿童,n
个人信息,个人信息,个人信息,n
 , , ,x
1.1,1.1,1.1,m
卓杭,卓杭,卓杭,nr
科技,科技,科技,n
提供,提供,提供,v
相关,相关,相关,v
产品,产品,产品,n
服务,服务,服务,vn
时,时,时,n
会,会,会,v
填写,填写,填写,v
公民,公民,公民,n
身份证件,身份证件,身份证件,n
编号,编号,编号,n
识别,识别,识别,v
用户,用户,用户,n
14,14,14,m
周岁,周岁,周岁,m
儿童,儿童,儿童,n
法律法规,法律法规,法律法规,n
监护人,监护人,监护人,n
同意,同意,同意,d
才,才,才,d
儿童,儿童,儿童,n
相关,相关,相关,v
产品,产品,产品,n
服务,服务,服务,vn
 , , ,x
1.2,1.2,1.2,m
用户,用户,用户,n
提供,提供,提供,v
信息,信息,信息,n
识别,识别,识别,v
出,出,出,v
用户,用户,用户,n
14,14,14,m
周岁,周岁,周岁,m
儿童,儿童,儿童,n
时,时,时,n
会,会,会,v
收集,收集,收集,v
联系方式,联系方式,联系方式,l
包括,包括,包括,v
手机号码,手机号码,手机号码,n
电子邮箱,电子邮箱,电子邮箱,n
信息,信息,信息,n
验证,验证,验证,v
监护,监护,监护,vn
儿童,儿童,儿童,n
监护,监护,监护,vn
关系,关系,关系,n
产品,产品,产品,n
服务,服务,服务,vn
验证,验证,验证,v
监护,监护,监护,vn
关系,关系,关系,n
征得,征得,征得,v
同意,同意,同意,d
方案,方案,方案,n
保护,保护,保护,v
监护,监护,监护,vn
儿童,儿童,儿童,n
个人信息,个人信息,个人信息,n
权益,权益,权益,n
涉及,涉及,涉及,v
交易,交易,交易,n
产品,产品,产品,n
服务,服务,服务,vn
中,中,中,f
会,会,会,v
收集,收集,收集,v
绑定,绑定,绑定,v
银行卡,银行卡,银行卡,nr
相关,相关,相关,v
信息,信息,信息,n
知悉,知悉,知悉,v
管理,管理,管理,vn
儿童,儿童,儿童,n
用户,用户,用户,n
交易,交易,交易,n
 , , ,x
1.3,1.3,1.3,m
儿童,儿童,儿童,n
产品,产品,产品,n
服务,服务,服务,vn
过程,过程,过程,n
中,中,中,f
会,会,会,v
收集,收集,收集,v
相关,相关,相关,v
信息,信息,信息,n
请,请,请,v
查阅,查阅,查阅,v
隐私,隐私,隐私,b
政策,政策,政策,n
收集,收集,收集,v
信息,信息,信息,n
一节,一节,一节,m
详细,详细,详细,ad
收集,收集,收集,v
儿童,儿童,儿童,n
个人信息,个人信息,个人信息,n
超出,超出,超出,v
收集,收集,收集,v
收集,收集,收集,v
监护,监护,监护,vn
儿童,儿童,儿童,n
个人信息,个人信息,个人信息,n
再次,再次,再次,d
告知,告知,告知,v
征得,征得,征得,v
同意,同意,同意,d
 , , ,x
1.4,1.4,1.4,m
请,请,请,v
理解,理解,理解,v
选择,选择,选择,v
填写,填写,填写,v
提供,提供,提供,v
特定,特定,特定,d
信息,信息,信息,n
不,不,不,d
填写,填写,填写,v
提供,提供,提供,v
特定,特定,特定,d
信息,信息,信息,n
导致,导致,导致,v
产品,产品,产品,n
服务,服务,服务,vn
运行,运行,运行,v
拟,拟,拟,v
服务,服务,服务,vn
效果,效果,效果,n
监护,监护,监护,vn
儿童,儿童,儿童,n
产品,产品,产品,n
服务,服务,服务,vn
相关,相关,相关,v
业务,业务,业务,n
功能,功能,功能,n
 , , ,x
2.,2.,2.,m
 , , ,x
信息,信息,信息,n
 , , ,x
严格遵守,严格遵守,严格遵守,nr
法律法规,法律法规,法律法规,n
用户,用户,用户,n
约定,约定,约定,v
收集,收集,收集,v
监护,监护,监护,vn
儿童,儿童,儿童,n
信息,信息,信息,n
用于,用于,用于,v
用途,用途,用途,n
 , , ,x
2.1,2.1,2.1,m
验证,验证,验证,v
儿童,儿童,儿童,n
监护人,监护人,监护人,n
身份,身份,身份,n
 , , ,x
2.2,2.2,2.2,m
提供,提供,提供,v
产品,产品,产品,n
服务,服务,服务,vn
产品,产品,产品,n
服务,服务,服务,vn
功能,功能,功能,n
 , , ,x
2.3,2.3,2.3,m
用于,用于,用于,v
优化,优化,优化,vn
产品,产品,产品,n
服务,服务,服务,vn
保障,保障,保障,v
服务,服务,服务,vn
调查,调查,调查,vn
目的,目的,目的,n
 , , ,x
超出,超出,超出,v
用途,用途,用途,n
监护,监护,监护,vn
儿童,儿童,儿童,n
个人信息,个人信息,个人信息,n
再次,再次,再次,d
告知,告知,告知,v
征得,征得,征得,v
同意,同意,同意,d
 , , ,x
3.,3.,3.,m
 , , ,x
共享,共享,共享,v
转移,转移,转移,v
披露,披露,披露,v
儿童,儿童,儿童,n
个人信息,个人信息,个人信息,n
情形,情形,情形,n
 , , ,x
遵照,遵照,遵照,v
法律法规,法律法规,法律法规,n
共享,共享,共享,v
转移,转移,转移,v
披露,披露,披露,v
儿童,儿童,儿童,n
个人信息,个人信息,个人信息,n
情形,情形,情形,n
 , , ,x
3.1,3.1,3.1,m
情况,情况,情况,n
下,下,下,f
卓,卓,卓,nr
杭,杭,杭,nr
科技,科技,科技,n
第三方,第三方,第三方,m
分享,分享,分享,v
儿童,儿童,儿童,n
个人信息,个人信息,个人信息,n
仅,仅,仅,d
监护人,监护人,监护人,n
事先,事先,事先,d
同意,同意,同意,d
情况,情况,情况,n
下才,下才,下才,t
第三方,第三方,第三方,m
分享,分享,分享,v
儿童,儿童,儿童,n
个人信息,个人信息,个人信息,n
 , , ,x
3.2,3.2,3.2,m
仅,仅,仅,d
外部,外部,外部,f
目的,目的,目的,n
会,会,会,v
第三方,第三方,第三方,m
合作伙伴,合作伙伴,合作伙伴,n
第三方,第三方,第三方,m
服务供应商,服务供应商,服务供应商,n
承包商,承包商,承包商,n
代理,代理,代理,n
开发者,开发者,开发者,n
代表,代表,代表,n
发出,发出,发出,v
电子邮件,电子邮件,电子邮件,n
推送,推送,推送,v
通知,通知,通知,v
通讯,通讯,通讯,nz
服务提供商,服务提供商,服务提供商,n
并非,并非,并非,c
位于,位于,位于,v
所在,所在,所在,b
法域,法域,法域,n
分享,分享,分享,v
儿童,儿童,儿童,n
个人信息,个人信息,个人信息,n
隐私,隐私,隐私,b
政策,政策,政策,n
相关,相关,相关,v
保密,保密,保密,n
政策,政策,政策,n
信息,信息,信息,n
 , , ,x
3.3,3.3,3.3,m
委托,委托,委托,n
第三方,第三方,第三方,m
儿童,儿童,儿童,n
个人信息,个人信息,个人信息,n
会,会,会,v
受,受,受,v
委托方,委托方,委托方,n
委托,委托,委托,n
评估,评估,评估,vn
签署,签署,签署,v
委托,委托,委托,n
协议,协议,协议,n
受,受,受,v
委托方,委托方,委托方,n
超出,超出,超出,v
授权,授权,授权,v
委托,委托,委托,n
第三方,第三方,第三方,m
儿童,儿童,儿童,n
个人信息,个人信息,个人信息,n
用于,用于,用于,v
用途,用途,用途,n
 , , ,x
3.3.1,3.3.1,3.3.1,m
儿童,儿童,儿童,n
提供,提供,提供,v
服务,服务,服务,vn
 , , ,x
3.3.2,3.3.2,3.3.2,m
收集,收集,收集,v
信息,信息,信息,n
所述,所述,所述,b
目的,目的,目的,n
 , , ,x
3.3.3,3.3.3,3.3.3,m
履行,履行,履行,v
隐私,隐私,隐私,b
政策,政策,政策,n
中,中,中,f
义务,义务,义务,n
行使,行使,行使,n
权利,权利,权利,n
 , , ,x
3.3.4,3.3.4,3.3.4,m
理解,理解,理解,v
维护,维护,维护,v
改善,改善,改善,v
服务,服务,服务,vn
 , , ,x
第三方,第三方,第三方,m
分享,分享,分享,v
儿童,儿童,儿童,n
信息,信息,信息,n
评估,评估,评估,vn
采用,采用,采用,v
加密,加密,加密,ns
匿名,匿名,匿名,v
化去,化去,化去,v
标识,标识,标识,n
化,化,化,n
手段,手段,手段,n
保障,保障,保障,v
儿童,儿童,儿童,n
信息安全,信息安全,信息安全,nz
 , , ,x
3.4,3.4,3.4,m
情况,情况,情况,n
下,下,下,f
禁止,禁止,禁止,v
对外,对外,对外,s
披露,披露,披露,v
儿童,儿童,儿童,n
个人信息,个人信息,个人信息,n
基于,基于,基于,p
目的,目的,目的,n
披露,披露,披露,v
儿童,儿童,儿童,n
个人信息,个人信息,个人信息,n
 , , ,x
3.4.1,3.4.1,3.4.1,m
遵守,遵守,遵守,v
法律法规,法律法规,法律法规,n
 , , ,x
3.4.2,3.4.2,3.4.2,m
遵守,遵守,遵守,v
法院,法院,法院,n
判决,判决,判决,v
裁定,裁定,裁定,v
法律,法律,法律,n
程序,程序,程序,n
 , , ,x
3.4.3,3.4.3,3.4.3,m
遵守,遵守,遵守,v
相关,相关,相关,v
政府,政府,政府,n
机关,机关,机关,n
法定,法定,法定,n
授权,授权,授权,v
组织,组织,组织,v
 , , ,x
3.4.4,3.4.4,3.4.4,m
理由,理由,理由,n
确信,确信,确信,v
遵守,遵守,遵守,v
法律法规,法律法规,法律法规,n
 , , ,x
3.4.5,3.4.5,3.4.5,m
执行,执行,执行,v
相关,相关,相关,v
服务,服务,服务,vn
协议,协议,协议,n
声明,声明,声明,n
维护,维护,维护,v
社会,社会,社会,n
公共利益,公共利益,公共利益,n
保护,保护,保护,v
客户,客户,客户,n
关联,关联,关联,ns
公司,公司,公司,n
用户,用户,用户,n
雇员,雇员,雇员,n
人身,人身,人身,n
财产,财产,财产,n
合法权益,合法权益,合法权益,n
用途,用途,用途,n
 , , ,x
4.,4.,4.,m
 , , ,x
存储,存储,存储,j
儿童,儿童,儿童,n
个人信息,个人信息,个人信息,n
 , , ,x
4.1,4.1,4.1,m
卓杭,卓杭,卓杭,nr
科技,科技,科技,n
会,会,会,v
加密,加密,加密,ns
技术,技术,技术,n
措施,措施,措施,n
存储,存储,存储,j
儿童,儿童,儿童,n
个人信息,个人信息,个人信息,n
确保,确保,确保,v
信息安全,信息安全,信息安全,nz
卓杭,卓杭,卓杭,nr
科技,科技,科技,n
存储,存储,存储,j
儿童,儿童,儿童,n
个人信息,个人信息,个人信息,n
超过,超过,超过,v
收集,收集,收集,v
目的,目的,目的,n
必需,必需,必需,v
期限,期限,期限,n
请,请,请,v
查阅,查阅,查阅,v
隐私,隐私,隐私,b
政策,政策,政策,n
保留,保留,保留,v
储存,储存,储存,n
保护,保护,保护,v
信息,信息,信息,n
章节,章节,章节,n
详细,详细,详细,ad
存储,存储,存储,j
保护,保护,保护,v
儿童,儿童,儿童,n
个人信息,个人信息,个人信息,n
 , , ,x
4.2,4.2,4.2,m
产品,产品,产品,n
服务,服务,服务,vn
发生,发生,发生,v
停止,停止,停止,v
运营,运营,运营,vn
情形,情形,情形,n
儿童,儿童,儿童,n
个人信息,个人信息,个人信息,n
存储,存储,存储,j
期限,期限,期限,n
届满时,届满时,届满时,n
期限内,期限内,期限内,n
删除,删除,删除,v
匿名,匿名,匿名,v
化,化,化,n
儿童,儿童,儿童,n
个人信息,个人信息,个人信息,n
 , , ,x
5.,5.,5.,m
 , , ,x
管理,管理,管理,vn
儿童,儿童,儿童,n
个人信息,个人信息,个人信息,n
 , , ,x
设置,设置,设置,vn
人员,人员,人员,n
未成年人,未成年人,未成年人,l
个人信息,个人信息,个人信息,n
管理,管理,管理,vn
儿童,儿童,儿童,n
用户,用户,用户,n
卓杭,卓杭,卓杭,nr
科技,科技,科技,n
产品,产品,产品,n
服务,服务,服务,vn
期间,期间,期间,f
dhsupport,dhsupport,dhsupport,eng
@,@,@,x
droidhang,droidhang,droidhang,eng
.,.,.,m
com,com,com,eng
反馈,反馈,反馈,v
咨询,咨询,咨询,vn
相关,相关,相关,v
信息,信息,信息,n
会,会,会,v
核实,核实,核实,n
反馈,反馈,反馈,v
后,后,后,f
请,请,请,v
理解,理解,理解,v
核实,核实,核实,n
过程,过程,过程,n
中,中,中,f
提供,提供,提供,v
儿童,儿童,儿童,n
账号,账号,账号,n
儿童,儿童,儿童,n
公民,公民,公民,n
身份证件,身份证件,身份证件,n
编号,编号,编号,n
联系方式,联系方式,联系方式,l
个人信息,个人信息,个人信息,n
身份验证,身份验证,身份验证,n
核实,核实,核实,n
后,后,后,f
响应,响应,响应,v
需求,需求,需求,v
 , , ,x
6.,6.,6.,m
 , , ,x
访问,访问,访问,v
儿童,儿童,儿童,n
个人信息,个人信息,个人信息,n
 , , ,x
监护,监护,监护,vn
儿童,儿童,儿童,n
查看,查看,查看,v
儿童,儿童,儿童,n
用户,用户,用户,n
产品,产品,产品,n
服务,服务,服务,vn
中,中,中,f
提供,提供,提供,v
个人信息,个人信息,个人信息,n
包括,包括,包括,v
不,不,不,d
限于,限于,限于,v
用户名,用户名,用户名,n
头像,头像,头像,n
昵称,昵称,昵称,n
主动,主动,主动,b
发布,发布,发布,v
内容,内容,内容,n
\,\,\,x
 , , ,x
7.,7.,7.,m
 , , ,x
更正,更正,更正,d
儿童,儿童,儿童,n
个人信息,个人信息,个人信息,n
 , , ,x
监护,监护,监护,vn
儿童,儿童,儿童,n
发现,发现,发现,v
收集,收集,收集,v
儿童,儿童,儿童,n
个人信息,个人信息,个人信息,n
错误,错误,错误,n
时,时,时,n
dhsupport,dhsupport,dhsupport,eng
@,@,@,x
droidhang,droidhang,droidhang,eng
.,.,.,m
com,com,com,eng
更正,更正,更正,d
会,会,会,v
身份验证,身份验证,身份验证,n
核实,核实,核实,n
后,后,后,f
采取措施,采取措施,采取措施,nr
予以,予以,予以,v
更正,更正,更正,d
 , , ,x
8.,8.,8.,m
 , , ,x
删除,删除,删除,v
儿童,儿童,儿童,n
个人信息,个人信息,个人信息,n
 , , ,x
情况,情况,情况,n
监护,监护,监护,vn
儿童,儿童,儿童,n
请求,请求,请求,v
删除,删除,删除,v
收集,收集,收集,v
儿童,儿童,儿童,n
个人信息,个人信息,个人信息,n
会,会,会,v
身份验证,身份验证,身份验证,n
核实,核实,核实,n
后,后,后,f
采取措施,采取措施,采取措施,nr
予以,予以,予以,v
删除,删除,删除,v
 , , ,x
8.1,8.1,8.1,m
违反,违反,违反,v
法律,法律,法律,n
行政,行政,行政,n
法规,法规,法规,n
约定,约定,约定,v
收集,收集,收集,v
存储,存储,存储,j
转移,转移,转移,v
披露,披露,披露,v
儿童,儿童,儿童,n
个人信息,个人信息,个人信息,n
 , , ,x
8.2,8.2,8.2,m
超出,超出,超出,v
目的,目的,目的,n
期限,期限,期限,n
收集,收集,收集,v
存储,存储,存储,j
转移,转移,转移,v
披露,披露,披露,v
儿童,儿童,儿童,n
个人信息,个人信息,个人信息,n
 , , ,x
8.3,8.3,8.3,m
撤回,撤回,撤回,v
同意,同意,同意,d
 , , ,x
8.4,8.4,8.4,m
监护,监护,监护,vn
儿童,儿童,儿童,n
注销,注销,注销,v
方式,方式,方式,n
终止,终止,终止,v
产品,产品,产品,n
服务,服务,服务,vn
 , , ,x
请,请,请,v
监护,监护,监护,vn
儿童,儿童,儿童,n
删除,删除,删除,v
特定,特定,特定,d
儿童,儿童,儿童,n
个人信息,个人信息,个人信息,n
导致,导致,导致,v
儿童,儿童,儿童,n
用户,用户,用户,n
产品,产品,产品,n
服务,服务,服务,vn
产品,产品,产品,n
服务,服务,服务,vn
中,中,中,f
业务,业务,业务,n
功能,功能,功能,n
 , , ,x
发现,发现,发现,v
未,未,未,t
事先,事先,事先,d
征得,征得,征得,v
同意,同意,同意,d
情况,情况,情况,n
下,下,下,f
收集,收集,收集,v
儿童,儿童,儿童,n
个人信息,个人信息,个人信息,n
请,请,请,v
dhsupport,dhsupport,dhsupport,eng
@,@,@,x
droidhang,droidhang,droidhang,eng
.,.,.,m
com,com,com,eng
会,会,会,v
设法,设法,设法,n
尽快,尽快,尽快,d
删除,删除,删除,v
相关,相关,相关,v
数据,数据,数据,n
 , , ,x
七,七,七,m
通知,通知,通知,v
修订,修订,修订,v
 , , ,x
适时,适时,适时,ad
修订本,修订本,修订本,n
隐私,隐私,隐私,b
政策,政策,政策,n
条款,条款,条款,n
修订,修订,修订,v
隐私,隐私,隐私,b
政策,政策,政策,n
一部分,一部分,一部分,m
修订,修订,修订,v
生效,生效,生效,n
前,前,前,f
游戏,游戏,游戏,n
主页,主页,主页,n
上,上,上,f
位置,位置,位置,v
提示,提示,提示,v
发送,发送,发送,v
电子邮件,电子邮件,电子邮件,n
方式,方式,方式,n
通知,通知,通知,v
该种,该种,该种,r
情况,情况,情况,n
下,下,下,f
服务,服务,服务,vn
表示同意,表示同意,表示同意,n
受,受,受,v
修订,修订,修订,v
隐私,隐私,隐私,b
政策,政策,政策,n
约束,约束,约束,vn
 , , ,x
八,八,八,m
 , , ,x
信息安全,信息安全,信息安全,nz
投诉,投诉,投诉,v
举报,举报,举报,v
隐私,隐私,隐私,b
政策,政策,政策,n
信息,信息,信息,n
相关,相关,相关,v
事宜,事宜,事宜,n
意见,意见,意见,n
建议,建议,建议,n
声明,声明,声明,n
隐私,隐私,隐私,b
措施,措施,措施,n
请,请,请,v
dhsupport,dhsupport,dhsupport,eng
@,@,@,x
droidhang,droidhang,droidhang,eng
.,.,.,m
com,com,com,eng
写信,写信,写信,v
中国,中国,中国,ns
四川,四川,四川,ns
自由贸易,自由贸易,自由贸易,l
试验区,试验区,试验区,n
成都,成都,成都,ns
高新区,高新区,高新区,nr
吉泰,吉泰,吉泰,nz
三路,三路,三路,m
8,8,8,m
号,号,号,m
1,1,1,m
栋,栋,栋,m
1,1,1,m
单元,单元,单元,n
2301,2301,2301,m
号,号,号,m
卓,卓,卓,nr
杭,杭,杭,nr
科技,科技,科技,n
隐私,隐私,隐私,b
保护,保护,保护,v
部收,部收,部收,n
邮编,邮编,邮编,n
610041,610041,610041,m
 , , ,x
尽快,尽快,尽快,d
审核,审核,审核,v
所涉,所涉,所涉,v
验证,验证,验证,v
身份,身份,身份,n
信息,信息,信息,n
后,后,后,f
及时处理,及时处理,及时处理,i
最长,最长,最长,a
不,不,不,v
超过,超过,超过,v
十五个,十五个,十五个,m
工作日,工作日,工作日,n
法律法规,法律法规,法律法规,n
期限内,期限内,期限内,n
予以,予以,予以,v
回复,回复,回复,v
 , , ,x
成都,成都,成都,ns
卓杭,卓杭,卓杭,nr
网络,网络,网络,n
科技股份,科技股份,科技股份,n
有限公司,有限公司,有限公司,n
协议,协议,协议,n
内容,内容,内容,n
拥有,拥有,拥有,v
最终,最终,最终,d
解释权,解释权,解释权,nr
修订,修订,修订,v
权,权,权,n
 , , ,x
