word,POS
콜로,Noun
소,Noun
-,Punctuation
당신,Noun
을,Josa
위,Noun
한,Josa
실무,Noun
교육,Noun
No,Alpha
.,Punctuation
1,Number
.,Punctuation
|,Punctuation
Coloso,Alpha
.,Punctuation
,Foreign
Search,Alpha
Input,Alpha
‌,Foreign
‌,Foreign
Coloso,Alpha
Menu,Alpha
,Foreign
‌,Foreign
,Foreign
,Foreign
,Foreign
,Foreign
,Foreign
,Foreign
,Foreign
,Foreign
,Foreign
,Foreign
Coloso,Alpha
KR,Alpha
Coloso,Alpha
JP,Alpha
Coloso,Alpha
Global,Alpha
,Foreign
,Foreign
,Foreign
,Foreign
,Foreign
,Foreign
,Foreign
,Foreign
,Foreign
서비스,Noun
이용,Noun
약관,Noun
이용,Noun
약관,Noun
제,Noun
1,Number
조,Noun
(,Punctuation
목적,Noun
),Punctuation
제,Noun
2,Number
조,Noun
(,Punctuation
정의,Noun
),Punctuation
제,Noun
3,Number
조,Noun
(,Punctuation
약관,Noun
의,Josa
명시,Noun
와,Josa
설명,Noun
및,Noun
개정,Noun
),Punctuation
제,Noun
4,Number
조,Noun
(,Punctuation
약관,Noun
외,Noun
준칙,Noun
),Punctuation
제,Noun
5,Number
조,Noun
(,Punctuation
이용,Noun
계약,Noun
의,Josa
성립,Noun
),Punctuation
제,Noun
6,Number
조,Noun
(,Punctuation
개인정보,Noun
의,Josa
보호,Noun
),Punctuation
제,Noun
7,Number
조,Noun
(,Punctuation
회원,Noun
탈퇴,Noun
및,Noun
자격,Noun
상실,Noun
),Punctuation
제,Noun
8,Number
조,Noun
(,Punctuation
회원,Noun
의,Josa
ID,Alpha
및,Noun
비밀번호,Noun
에,Josa
대한,Noun
의무,Noun
),Punctuation
제,Noun
9,Number
조,Noun
(,Punctuation
회원,Noun
의,Josa
의무,Noun
),Punctuation
제,Noun
10,Number
조,Noun
(,Punctuation
회원,Noun
의,Josa
게시,Noun
물,Noun
),Punctuation
제,Noun
11,Number
조,Noun
(,Punctuation
회원,Noun
에,Josa
대한,Noun
통지,Noun
),Punctuation
제,Noun
12,Number
조,Noun
(,Punctuation
회사,Noun
의,Josa
의무,Noun
),Punctuation
제,Noun
13,Number
조,Noun
(,Punctuation
서비스,Noun
의,Josa
제공,Noun
및,Noun
변경,Noun
),Punctuation
제,Noun
14,Number
조,Noun
(,Punctuation
개별,Noun
서비스,Noun
에,Josa
대한,Noun
약관,Noun
및,Noun
이용,Noun
조건,Noun
),Punctuation
제,Noun
15,Number
조,Noun
(,Punctuation
서비스,Noun
이용,Noun
시간,Noun
),Punctuation
제,Noun
16,Number
조,Noun
(,Punctuation
서비스,Noun
이용,Noun
책임,Noun
),Punctuation
제,Noun
17,Number
조,Noun
(,Punctuation
서비스,Noun
제공,Noun
의,Josa
중지,Noun
),Punctuation
제,Noun
18,Number
조,Noun
(,Punctuation
정보,Noun
의,Josa
제공,Noun
및,Noun
광고,Noun
의,Josa
게재,Noun
),Punctuation
제,Noun
19,Number
조,Noun
(,Punctuation
구매,Noun
신청,Noun
),Punctuation
제,Noun
20,Number
조,Noun
(,Punctuation
대금,Noun
지급,Noun
방법,Noun
),Punctuation
제,Noun
21,Number
조,Noun
(,Punctuation
할인,Noun
쿠폰,Noun
),Punctuation
제,Noun
22,Number
조,Noun
(,Punctuation
상품,Noun
등,Noun
의,Josa
공급,Noun
),Punctuation
제,Noun
23,Number
조,Noun
(,Punctuation
환급,Noun
),Punctuation
제,Noun
24조,Number
(,Punctuation
회사,Noun
의,Josa
환불,Noun
정책,Noun
),Punctuation
제,Noun
25,Number
조,Noun
(,Punctuation
청약,Noun
철회,Noun
등,Noun
),Punctuation
제,Noun
26,Number
조,Noun
(,Punctuation
청약,Noun
철회,Noun
등,Noun
의,Josa
효과,Noun
),Punctuation
제,Noun
27,Number
조,Noun
(,Punctuation
상품,Noun
등,Noun
의,Josa
취소,Noun
및,Noun
환불,Noun
의,Josa
특칙,Noun
),Punctuation
제,Noun
28,Number
조,Noun
(,Punctuation
저작권,Noun
의,Josa
귀속,Noun
및,Noun
이용,Noun
제한,Noun
),Punctuation
제,Noun
29,Number
조,Noun
(,Punctuation
게시,Noun
물의,Noun
관리,Noun
),Punctuation
제,Noun
30,Number
조,Noun
(,Punctuation
회사,Noun
의,Josa
면책조항,Noun
),Punctuation
제,Noun
31,Number
조,Noun
(,Punctuation
분쟁해결,Noun
),Punctuation
제,Noun
32,Number
조,Noun
(,Punctuation
준거,Verb
법,Noun
및,Noun
관할,Noun
법원,Noun
),Punctuation
부칙,Noun
제,Noun
1,Number
조,Noun
(,Punctuation
목적,Noun
),Punctuation
본,Verb
약관,Noun
은,Josa
Coloso,Alpha
를,Noun
운영,Noun
하는,Verb
회사,Noun
(,Punctuation
주,Noun
),Punctuation
데이,Noun
원,Modifier
컴퍼니,Noun
(,Punctuation
이하,Noun
“,Foreign
회사,Noun
”,Foreign
라,Josa
합니다,Verb
),Punctuation
에서,Josa
제공,Noun
하는,Verb
인터넷,Noun
관련,Noun
서비스,Noun
(,Punctuation
이하,Noun
“,Foreign
서비스,Noun
”,Foreign
라,Josa
하며,Verb
",",Punctuation
접속,Noun
가능한,Adjective
유,Noun
",",Punctuation
무선,Noun
단말기,Noun
의,Josa
종류,Noun
와,Josa
상관없이,Adjective
이용,Noun
가능한,Adjective
사이트,Noun
가,Josa
제공,Noun
하는,Verb
모든,Noun
서비스,Noun
를,Josa
의미,Noun
합니다,Verb
),Punctuation
를,Noun
이용,Noun
함,Noun
에,Josa
있어,Adjective
회원,Noun
의,Josa
권리,Noun
•,Foreign
의무,Noun
및,Noun
책임,Noun
사항,Noun
을,Josa
규정,Noun
함,Noun
을,Josa
목적,Noun
으로,Josa
합니다,Verb
.,Punctuation
제,Noun
2,Number
조,Noun
(,Punctuation
정의,Noun
),Punctuation
1,Number
.,Punctuation
이,Noun
약관,Noun
에서,Josa
사용,Noun
하는,Verb
용어,Noun
의,Josa
뜻,Noun
은,Josa
다음,Noun
과,Josa
같습니다,Adjective
.,Punctuation
가,Verb
.,Punctuation
“,Foreign
사이트,Noun
”,Foreign
란,Noun
회사,Noun
가,Josa
강의,Noun
ㆍ,Foreign
강좌,Noun
등,Noun
의,Josa
상품,Noun
(,Punctuation
이하,Noun
“,Foreign
상품,Noun
등,Noun
”,Foreign
이라,Verb
합니다,Verb
),Punctuation
을,Josa
회원,Noun
에게,Josa
제공,Noun
하기,Verb
위,Noun
하여,Verb
컴퓨터,Noun
등,Noun
정보통,Noun
신,Modifier
설비,Noun
를,Josa
이용,Noun
하여,Verb
상품,Noun
등,Noun
을,Josa
거래,Noun
할,Verb
수,Noun
있도록,Adjective
설정,Noun
한,Josa
가상,Noun
의,Josa
영업,Noun
장,Suffix
을,Josa
말,Noun
하며,Verb
",",Punctuation
사이버,Noun
몰을,Verb
운영,Noun
하는,Verb
사업자,Noun
의,Josa
의미,Noun
로,Josa
도,Noun
사용,Noun
합니다,Verb
.,Punctuation
현재,Noun
회사,Noun
가,Josa
운영,Noun
하는,Verb
사이트,Noun
는,Josa
https://www.coloso.co.kr,URL
이며,Josa
",",Punctuation
더불어,Verb
서비스,Noun
하는,Verb
안드로이드,Noun
",",Punctuation
iOS,Alpha
환경,Noun
의,Josa
서비스,Noun
를,Josa
포함,Noun
한,Josa
모바일,Noun
웹,Noun
과,Josa
앱,Noun
을,Josa
포함,Noun
합니다,Verb
.,Punctuation
나,Noun
.,Punctuation
“,Foreign
회원,Noun
”,Foreign
이라,Verb
함,Noun
은,Josa
사이트,Noun
에,Josa
개인정보,Noun
를,Josa
제공,Noun
하여,Verb
회원,Noun
등록,Noun
을,Josa
한,Verb
자로,Noun
서,Josa
",",Punctuation
사이트,Noun
에,Josa
정해진,Noun
회원,Noun
가입,Noun
방침,Noun
에,Josa
따라,Verb
사이트,Noun
의,Josa
정보,Noun
를,Josa
지속,Noun
적,Suffix
으로,Josa
제공,Noun
받으며,Verb
",",Punctuation
사이트,Noun
가,Josa
제공,Noun
하는,Verb
서비스,Noun
를,Josa
계속,Noun
적,Suffix
으로,Josa
이용,Noun
할,Verb
수,Noun
있는,Adjective
자를,Verb
말,Noun
합니다,Verb
.,Punctuation
다,Adverb
.,Punctuation
“,Foreign
비밀번호,Noun
”,Foreign
라,Josa
함,Noun
은,Josa
회원,Noun
의,Josa
동일성,Noun
확인,Noun
과,Josa
회원,Noun
의,Josa
권익,Noun
및,Noun
비밀,Noun
보호,Noun
를,Josa
위,Noun
하여,Verb
회원,Noun
스스로,Noun
가,Josa
설정,Noun
하여,Verb
사이트,Noun
에,Josa
등록,Noun
한,Josa
영문과,Noun
숫자,Noun
의,Josa
조합,Noun
을,Josa
말,Noun
합니다,Verb
.,Punctuation
라,Josa
.,Punctuation
“,Foreign
휴대폰,Noun
인증,Noun
”,Foreign
이라,Verb
함,Noun
은,Josa
회원,Noun
이,Josa
서비스,Noun
의,Josa
이용,Noun
을,Josa
위,Noun
하여,Verb
제출,Noun
한,Josa
인증,Noun
번호,Noun
를,Josa
통해,Noun
회원,Noun
명의,Noun
의,Josa
휴대폰번호,Noun
가,Josa
맞는지,Verb
진위,Noun
여부,Noun
를,Josa
확인,Noun
하는,Verb
것,Noun
을,Josa
말,Noun
합니다,Verb
.,Punctuation
2,Number
.,Punctuation
본,Verb
약관,Noun
에서,Josa
정의,Noun
되지,Verb
않은,Verb
용어,Noun
는,Josa
관계,Noun
법령,Noun
이,Josa
정,Noun
하는,Verb
바,Noun
에,Josa
따르며,Verb
",",Punctuation
그,Noun
외,Noun
에는,Josa
일반,Noun
적,Suffix
인,Josa
상,Noun
관례,Noun
에,Josa
의합니다,Adjective
.,Punctuation
제,Noun
3,Number
조,Noun
(,Punctuation
약관,Noun
의,Josa
명시,Noun
와,Josa
설명,Noun
및,Noun
개정,Noun
),Punctuation
1,Number
.,Punctuation
회사,Noun
는,Josa
이,Noun
약관,Noun
의,Josa
내용,Noun
과,Josa
상호,Noun
및,Noun
대표자,Noun
이름,Noun
",",Punctuation
소재지,Noun
주소,Noun
",",Punctuation
전화번호,Noun
",",Punctuation
전자우편,Noun
주소,Noun
",",Punctuation
사업자,Noun
등록,Noun
번호,Noun
등,Noun
을,Josa
회원,Noun
이,Josa
쉽게,Verb
알,Noun
수,Noun
있도록,Adjective
사이트,Noun
의,Josa
초기,Noun
서비스,Noun
화면,Noun
에,Josa
게시,Noun
합니다,Verb
.,Punctuation
다만,Noun
",",Punctuation
약관,Noun
의,Josa
구체,Noun
적,Suffix
내용,Noun
은,Josa
회원,Noun
이,Josa
연결,Noun
화면,Noun
을,Josa
통,Noun
하여,Verb
볼,Noun
수,Noun
있습니다,Adjective
.,Punctuation
2,Number
.,Punctuation
회사,Noun
는,Josa
『,Foreign
전자상거래,Noun
등,Noun
에서의,Josa
소비자보호,Noun
에,Josa
관,Noun
한,Josa
법률,Noun
』,Foreign
",",Punctuation
『,Foreign
약관,Noun
의,Josa
규제,Noun
등,Noun
에,Josa
관,Noun
한,Josa
법률,Noun
』,Foreign
",",Punctuation
『,Foreign
전자거래,Noun
기본,Noun
법,Noun
』,Foreign
",",Punctuation
『,Foreign
전자,Noun
서명,Noun
법,Noun
』,Foreign
",",Punctuation
『,Foreign
정보통신망,Noun
이용,Noun
촉진,Noun
등,Noun
에,Josa
관,Noun
한,Josa
법률,Noun
』,Foreign
",",Punctuation
『,Foreign
소비자,Noun
기본,Noun
법,Noun
』,Foreign
등,Noun
관계,Noun
법령,Noun
을,Josa
위,Noun
배하,Noun
지,Josa
않는,Verb
범위,Noun
에서,Josa
이,Noun
약관,Noun
을,Josa
개정,Noun
할,Verb
수,Noun
있습니다,Adjective
.,Punctuation
3,Number
.,Punctuation
회사,Noun
가,Josa
약관,Noun
을,Josa
개정,Noun
할,Verb
경우,Noun
에는,Josa
적용,Noun
일자,Noun
및,Noun
개정,Noun
사유,Noun
를,Josa
명시,Noun
하여,Verb
현행,Noun
약관,Noun
과,Josa
함께,Adverb
사이트,Noun
의,Josa
초기,Noun
화면,Noun
에,Josa
그,Noun
적용,Noun
일자,Noun
7일,Number
이전,Noun
부터,Josa
적용,Noun
일자,Noun
전일,Noun
까지,Josa
공지,Noun
합니다,Verb
.,Punctuation
4,Number
.,Punctuation
회사,Noun
가,Josa
약관,Noun
을,Josa
개정,Noun
할,Verb
경우,Noun
에는,Josa
그,Noun
개정,Noun
약관,Noun
은,Josa
그,Noun
적용,Noun
일자,Noun
이후,Noun
에,Josa
체결,Noun
되는,Verb
계약,Noun
에만,Josa
적용,Noun
되고,Verb
그,Noun
이전,Noun
에,Josa
이미,Adverb
체결,Noun
된,Verb
계약,Noun
에,Josa
대해,Noun
서는,Verb
개정,Noun
전의,Noun
약관,Noun
조항,Noun
이,Josa
그대로,Noun
적용,Noun
됩니다,Verb
.,Punctuation
다만,Noun
이미,Adverb
계약,Noun
을,Josa
체결,Noun
한,Josa
회원,Noun
이,Josa
개정,Noun
약관,Noun
조항,Noun
의,Josa
적용,Noun
을,Josa
받기,Verb
원한다는,Adjective
뜻,Noun
을,Josa
제,Noun
3,Number
항,Noun
에,Josa
의한,Adjective
개정,Noun
약관,Noun
의,Josa
공지,Noun
기간,Noun
내,Noun
에,Josa
회사,Noun
에,Josa
송신,Noun
하여,Verb
회사,Noun
의,Josa
동의,Noun
를,Josa
받은,Verb
경우,Noun
에는,Josa
개정,Noun
약관,Noun
조항,Noun
이,Josa
적용,Noun
됩니다,Verb
.,Punctuation
5,Number
.,Punctuation
제,Noun
3,Number
항,Noun
에,Josa
따라,Verb
공지,Noun
된,Verb
적용,Noun
일자,Noun
이후,Noun
에,Josa
회원,Noun
이,Josa
회사,Noun
의,Josa
서비스,Noun
를,Josa
계속,Noun
이용,Noun
하는,Verb
경우,Noun
에는,Josa
개정,Noun
된,Verb
약관,Noun
에,Josa
동의,Noun
하는,Verb
것,Noun
으로,Josa
봅니다,Verb
.,Punctuation
개정,Noun
된,Verb
약관,Noun
에,Josa
동의,Noun
하지,Verb
아니하는,Adjective
회원,Noun
은,Josa
언제,Noun
든지,Josa
자유롭게,Adjective
서비스,Noun
이용,Noun
계약,Noun
을,Josa
해지,Noun
할,Verb
수,Noun
있습니다,Adjective
.,Punctuation
제,Noun
4,Number
조,Noun
(,Punctuation
약관,Noun
외,Noun
준칙,Noun
),Punctuation
이,Noun
약관,Noun
에서,Josa
정,Noun
하지,Verb
아니한,Adjective
사항,Noun
과,Josa
이,Noun
약관,Noun
의,Josa
해석,Noun
에,Josa
관,Noun
하여는,Verb
『,Foreign
전자상거래,Noun
등,Noun
에서의,Josa
소비자,Noun
보호,Noun
에,Josa
관,Noun
한,Josa
법률,Noun
』,Foreign
",",Punctuation
『,Foreign
약관,Noun
의,Josa
규제,Noun
에,Josa
관,Noun
한,Josa
법률,Noun
』,Foreign
",",Punctuation
공,Modifier
정거,Noun
래,Josa
위원회,Noun
가,Josa
정,Noun
하는,Verb
『,Foreign
전자상거래,Noun
등,Noun
에서의,Josa
소비자,Noun
보호,Noun
지침,Noun
』,Foreign
및,Noun
관계,Noun
법령,Noun
및,Noun
『,Foreign
전자상거래,Noun
등,Noun
에서의,Josa
소비자,Noun
보호,Noun
에,Josa
관,Noun
한,Josa
법률,Noun
』,Foreign
",",Punctuation
『,Foreign
약관,Noun
의,Josa
규제,Noun
에,Josa
관,Noun
한,Josa
법률,Noun
』,Foreign
",",Punctuation
공,Modifier
정거,Noun
래,Josa
위원회,Noun
가,Josa
정,Noun
하는,Verb
관련,Noun
법령,Noun
의,Josa
규정,Noun
과,Josa
일반,Noun
상,Noun
관례,Noun
에,Josa
따릅니다,Verb
.,Punctuation
제,Noun
5,Number
조,Noun
(,Punctuation
이용,Noun
계약,Noun
의,Josa
성립,Noun
),Punctuation
1,Number
.,Punctuation
이용,Noun
계약,Noun
은,Josa
회원,Noun
이,Josa
되고자,Verb
하는,Verb
자,Noun
(,Punctuation
이하,Noun
“,Foreign
가입,Noun
신청,Noun
자,Suffix
”,Foreign
라,Josa
합니다,Verb
),Punctuation
가,Verb
회사,Noun
가,Josa
정,Noun
한,Josa
가입,Noun
양식,Noun
에,Josa
따라,Verb
회원정보,Noun
를,Josa
기입,Noun
하고,Josa
휴대폰번호,Noun
인증,Noun
절차,Noun
를,Josa
완료,Noun
한,Josa
후,Noun
",",Punctuation
약관,Noun
에,Josa
동의,Noun
하면서,Verb
회원,Noun
가입,Noun
을,Josa
신청,Noun
하면,Verb
회사,Noun
가,Josa
이러한,Adjective
신청,Noun
에,Josa
대하,Noun
여,Josa
가입,Noun
을,Josa
승인,Noun
함,Noun
으로써,Josa
체결,Noun
됩니다,Verb
.,Punctuation
2,Number
.,Punctuation
회사,Noun
는,Josa
제,Noun
1,Number
항,Noun
과,Josa
같이,Adverb
회원,Noun
으로,Josa
가입,Noun
할,Verb
것,Noun
을,Josa
신청,Noun
한,Josa
이용자,Noun
중,Noun
다음,Noun
각,Noun
호에,Exclamation
해당,Noun
하지,Verb
않는,Verb
한,Verb
회원,Noun
으로,Josa
가입,Noun
을,Josa
승인,Noun
합니다,Verb
.,Punctuation
가,Verb
.,Punctuation
가입,Noun
신청,Noun
자,Suffix
가,Josa
이,Noun
약관,Noun
에,Josa
의하여,Adjective
이전,Noun
에,Josa
회원,Noun
자격,Noun
을,Josa
상실한,Adjective
적,Noun
이,Josa
있는,Adjective
경우,Noun
.,Punctuation
다만,Noun
",",Punctuation
회원,Noun
자격,Noun
상실,Noun
후,Noun
3,Number
개월,Noun
이,Josa
경과,Noun
한,Josa
자로,Noun
서,Josa
회사,Noun
의,Josa
회원,Noun
재,Noun
가입,Noun
승낙,Noun
을,Josa
얻은,Verb
경우,Noun
에는,Josa
예외,Noun
로,Josa
한다,Verb
.,Punctuation
나,Noun
.,Punctuation
등록,Noun
내용,Noun
에,Josa
허위,Noun
의,Josa
정보,Noun
를,Josa
기재,Noun
하,Suffix
거나,Noun
",",Punctuation
기재,Noun
누락,Noun
",",Punctuation
오기,Noun
가,Josa
있는,Adjective
경우,Noun
다,Adverb
.,Punctuation
회원,Noun
가입,Noun
일,Noun
현재,Noun
만,Noun
14,Number
세,Noun
미만,Noun
인,Josa
경우,Noun
라,Josa
.,Punctuation
이미,Adverb
가입,Noun
된,Verb
회원,Noun
과,Josa
휴대폰,Noun
번호,Noun
",",Punctuation
이름,Noun
또는,Adverb
전자우편,Noun
주소,Noun
가,Josa
동일한,Adjective
경우,Noun
마,Noun
.,Punctuation
부정,Noun
한,Josa
용도,Noun
또는,Adverb
영리,Noun
를,Josa
추구,Noun
할,Verb
목적,Noun
으로,Josa
본,Verb
서비스,Noun
를,Josa
이용,Noun
하고자,Verb
하는,Verb
경우,Noun
바,Noun
.,Punctuation
기타,Noun
이,Noun
약관,Noun
에,Josa
위,Noun
배되,Verb
거나,Noun
위법,Noun
또는,Adverb
부당한,Adjective
이용,Noun
신청,Noun
임,Noun
이,Josa
확인,Noun
된,Verb
경우,Noun
사,Noun
.,Punctuation
기타,Noun
회사,Noun
가,Josa
합리,Noun
적,Suffix
인,Josa
판단,Noun
에,Josa
의하여,Adjective
필요하다고,Adjective
인정,Noun
하는,Verb
경우,Noun
아,Exclamation
.,Punctuation
기타,Noun
회원,Noun
가입,Noun
신청,Noun
을,Josa
승인,Noun
하는,Verb
것,Noun
이,Josa
기술,Noun
상,Suffix
현저,Noun
히,Adverb
지장,Noun
이,Josa
있다고,Adjective
판단,Noun
되는,Verb
경우,Noun
3,Number
.,Punctuation
제,Noun
2,Number
항,Noun
에,Josa
따라,Verb
회원,Noun
가입,Noun
신청,Noun
의,Josa
승인,Noun
을,Josa
하지,Verb
아니하거나,Adjective
유보,Noun
한,Josa
경우,Noun
",",Punctuation
이,Noun
경우,Noun
회사,Noun
는,Josa
원칙,Noun
적,Suffix
으로,Josa
이를,Verb
가입,Noun
신청,Noun
자,Suffix
에게,Josa
알리도록,Verb
합니다,Verb
.,Punctuation
4,Number
.,Punctuation
이용,Noun
계약,Noun
의,Josa
성립,Noun
시기,Noun
는,Josa
회사,Noun
가,Josa
가입,Noun
완료,Noun
를,Josa
신청,Noun
절차,Noun
상,Suffix
에서,Josa
표시,Noun
한,Josa
시점,Noun
으로,Josa
합니다,Verb
.,Punctuation
5,Number
.,Punctuation
회사,Noun
는,Josa
회원,Noun
에,Josa
대해,Noun
회사,Noun
정책,Noun
에,Josa
따라,Verb
등급,Noun
별로,Noun
구분,Noun
하여,Verb
이용,Noun
시간,Noun
",",Punctuation
이용,Noun
횟수,Noun
",",Punctuation
서비스,Noun
메뉴,Noun
등,Noun
을,Josa
세분,Noun
하여,Verb
이용,Noun
에,Josa
차등,Noun
을,Josa
둘,Noun
수,Noun
있습니다,Adjective
.,Punctuation
6,Number
.,Punctuation
회사,Noun
는,Josa
회원,Noun
에,Josa
대하,Noun
여,Josa
『,Foreign
평생,Noun
교육법,Noun
』,Foreign
",",Punctuation
『,Foreign
청소년,Noun
보호,Noun
법,Noun
』,Foreign
등,Noun
에,Josa
따른,Verb
등급,Noun
및,Noun
연령,Noun
준수,Noun
를,Josa
위해,Noun
이용,Noun
제한,Noun
이나,Josa
등급,Noun
별,Noun
제한,Noun
을,Josa
둘,Noun
수,Noun
있습니다,Adjective
.,Punctuation
7,Number
.,Punctuation
회원,Noun
은,Josa
회원,Noun
가,Josa
입시,Noun
등록,Noun
한,Josa
사항,Noun
에,Josa
변경,Noun
이,Josa
있는,Adjective
경우,Noun
상당한,Adjective
기간,Noun
이내,Noun
에,Josa
회사,Noun
에,Josa
대하,Noun
여,Josa
회원,Noun
정보,Noun
수정,Noun
등,Noun
의,Josa
방법,Noun
으로,Josa
그,Noun
변경,Noun
사항,Noun
을,Josa
알려야,Verb
합니다,Verb
.,Punctuation
제,Noun
6,Number
조,Noun
(,Punctuation
개인정보,Noun
의,Josa
보호,Noun
),Punctuation
1,Number
.,Punctuation
회사,Noun
는,Josa
회원,Noun
의,Josa
개인정보,Noun
를,Josa
보호,Noun
하기,Verb
위,Noun
하여,Verb
『,Foreign
정보통신망,Noun
이용,Noun
촉진,Noun
및,Noun
정보보호,Noun
등,Noun
에,Josa
관,Noun
한,Josa
법률,Noun
』,Foreign
등,Noun
관계,Noun
법령,Noun
에서,Josa
정,Noun
하는,Verb
바를,Verb
준수,Noun
합니다,Verb
.,Punctuation
2,Number
.,Punctuation
회사,Noun
는,Josa
회원,Noun
의,Josa
개인정보,Noun
를,Josa
보호,Noun
하기,Verb
위,Noun
하여,Verb
개인,Noun
정보처리,Noun
방침,Noun
을,Josa
제정,Noun
",",Punctuation
서비스,Noun
초기,Noun
화면,Noun
에,Josa
게시,Noun
합니다,Verb
.,Punctuation
다만,Noun
",",Punctuation
개인,Noun
정보처리,Noun
방침,Noun
의,Josa
구체,Noun
적,Suffix
내용,Noun
은,Josa
연결,Noun
화면,Noun
을,Josa
통,Noun
하여,Verb
볼,Noun
수,Noun
있습니다,Adjective
.,Punctuation
3,Number
.,Punctuation
회사,Noun
는,Josa
회원,Noun
의,Josa
개인정보,Noun
를,Josa
수집,Noun
및,Noun
이용,Noun
하는,Verb
때,Noun
에는,Josa
당해,Adjective
회원,Noun
에게,Josa
그,Noun
목적,Noun
을,Josa
고지,Noun
하고,Josa
동의,Noun
를,Josa
받으며,Verb
개인,Noun
정보처리,Noun
방침,Noun
에,Josa
따라,Verb
회원,Noun
의,Josa
개인정보,Noun
를,Josa
최대한,Noun
보호,Noun
하기,Verb
위,Noun
하여,Verb
노력,Noun
합니다,Verb
.,Punctuation
4,Number
.,Punctuation
회사,Noun
의,Josa
공식,Noun
사이트,Noun
이외,Noun
의,Josa
링크,Noun
된,Verb
사이트,Noun
에서는,Josa
회사,Noun
의,Josa
개인정보,Noun
취급,Noun
방침,Noun
이,Josa
적용,Noun
되지,Verb
않습니다,Verb
.,Punctuation
링크,Noun
된,Verb
사이트,Noun
및,Noun
상품,Noun
등,Noun
을,Josa
제공,Noun
하는,Verb
제,Noun
3,Number
자의,Noun
개인정보,Noun
취급,Noun
과,Josa
관련,Noun
하여는,Verb
해당,Noun
사이트,Noun
및,Noun
제,Noun
3,Number
자의,Noun
개인정보,Noun
취급,Noun
방침,Noun
을,Josa
확인,Noun
할,Verb
책임,Noun
이,Josa
회원,Noun
에게,Josa
있으며,Adjective
",",Punctuation
회사,Noun
는,Josa
이,Noun
에,Josa
대하,Noun
여,Josa
책임,Noun
을,Josa
부담,Noun
하지,Verb
않습니다,Verb
.,Punctuation
5,Number
.,Punctuation
회사,Noun
는,Josa
다음,Noun
과,Josa
같은,Adjective
경우,Noun
에,Josa
법,Noun
이,Josa
허용,Noun
하는,Verb
범위,Noun
내,Noun
에서,Josa
회원,Noun
의,Josa
개인정보,Noun
를,Josa
제,Noun
3,Number
자,Noun
에게,Josa
제공,Noun
할,Verb
수,Noun
있습니다,Adjective
.,Punctuation
가,Verb
.,Punctuation
수,Modifier
사,Modifier
기관,Noun
이나,Josa
기타,Noun
정부,Noun
기관,Noun
으로부터,Josa
정보,Noun
제공,Noun
을,Josa
요청,Noun
받은,Verb
경우,Noun
나,Noun
.,Punctuation
회원,Noun
의,Josa
법령,Noun
또는,Adverb
약관,Noun
의,Josa
위반,Noun
을,Josa
포함,Noun
하여,Verb
부정행위,Noun
확인,Noun
등,Noun
의,Josa
정보보호,Noun
업무,Noun
를,Josa
위해,Noun
필요한,Adjective
경우,Noun
다,Adverb
.,Punctuation
판매,Noun
자,Suffix
또는,Adverb
배송,Noun
업체,Noun
등,Noun
에게,Josa
거래,Noun
및,Noun
배송,Noun
등,Noun
에,Josa
필요한,Adjective
최소한,Noun
의,Josa
회원,Noun
의,Josa
정보,Noun
(,Punctuation
성명,Noun
",",Punctuation
주소,Noun
",",Punctuation
전화번호,Noun
),Punctuation
를,Noun
제공,Noun
하는,Verb
경우,Noun
라,Josa
.,Punctuation
구매,Noun
가,Josa
성사,Noun
된,Verb
때,Noun
에,Josa
그,Noun
이행,Noun
을,Josa
위,Noun
하여,Verb
필요한,Adjective
경우,Noun
와,Josa
구매,Noun
가,Josa
종료,Noun
된,Verb
이후,Noun
에도,Josa
반품,Noun
",",Punctuation
교환,Noun
",",Punctuation
환불,Noun
",",Punctuation
취소,Noun
등,Noun
을,Josa
위,Noun
하여,Verb
필요한,Adjective
경우,Noun
마,Noun
.,Punctuation
기타,Noun
법률,Noun
에,Josa
의해,Adjective
요구,Noun
되는,Verb
경우,Noun
제,Noun
7,Number
조,Noun
(,Punctuation
회원,Noun
탈퇴,Noun
및,Noun
자격,Noun
상실,Noun
),Punctuation
1,Number
.,Punctuation
회원,Noun
은,Josa
회사,Noun
에,Josa
언제,Noun
든지,Josa
탈퇴,Noun
를,Josa
요청,Noun
할,Verb
수,Noun
있으며,Adjective
회사,Noun
는,Josa
회원,Noun
탈퇴,Noun
에,Josa
관,Noun
한,Josa
규정,Noun
에,Josa
따라,Verb
이를,Verb
처리,Noun
합니다,Verb
.,Punctuation
2,Number
.,Punctuation
회원,Noun
이,Josa
다음,Noun
각,Noun
호의,Noun
사유,Noun
에,Josa
해당,Noun
하는,Verb
경우,Noun
",",Punctuation
회사,Noun
는,Josa
회원,Noun
자격,Noun
을,Josa
제한,Noun
및,Noun
정지,Noun
시킬,Verb
수,Noun
있습니다,Adjective
.,Punctuation
가,Verb
.,Punctuation
다른,Noun
사람,Noun
의,Josa
사이트,Noun
이용,Noun
을,Josa
방,Noun
해하거나,Verb
그,Noun
정보,Noun
를,Josa
도용,Noun
하는,Verb
등,Noun
전자상거래,Noun
질서,Noun
를,Josa
위협,Noun
하는,Verb
경우,Noun
나,Noun
.,Punctuation
사이트,Noun
를,Josa
이용,Noun
하여,Verb
법령,Noun
과,Josa
이,Noun
약관,Noun
이,Josa
금지,Noun
하,Suffix
거나,Noun
공,Modifier
서,Modifier
양속,Noun
에,Josa
반하는,Adjective
행위,Noun
를,Josa
하는,Verb
경우,Noun
나,Josa
기타,Noun
회사,Noun
가,Josa
합리,Noun
적,Suffix
인,Josa
판단,Noun
에,Josa
의하여,Adjective
필요하다고,Adjective
인정,Noun
하는,Verb
경우,Noun
다,Adverb
.,Punctuation
사이트,Noun
의,Josa
운영,Noun
과,Josa
관련,Noun
하여,Verb
근거,Noun
없는,Adjective
사실,Noun
또는,Adverb
허위,Noun
의,Josa
사실,Noun
을,Josa
적시하거나,Verb
유포,Noun
하여,Verb
회사,Noun
의,Josa
명예,Noun
를,Josa
실추,Noun
시키거나,Verb
사이트,Noun
의,Josa
신뢰,Noun
성,Suffix
을,Josa
해하,Noun
는,Josa
경우,Noun
라,Josa
.,Punctuation
사이트,Noun
의,Josa
이용,Noun
과정,Noun
에서,Josa
직원,Noun
에게,Josa
폭언,Noun
",",Punctuation
협박,Noun
또는,Adverb
음란한,Adjective
언행,Noun
등,Noun
으로,Josa
사이트,Noun
의,Josa
운영,Noun
을,Josa
방해,Noun
하는,Verb
경우,Noun
바,Noun
.,Punctuation
사이트,Noun
를,Josa
통해,Noun
구입,Noun
한,Josa
상품,Noun
등,Noun
에,Josa
특별한,Adjective
하자,Noun
가,Josa
없는데도,Adjective
불구,Noun
하고,Josa
정당한,Adjective
이유,Noun
없이,Adverb
일부,Noun
사용,Noun
후,Noun
상습,Noun
적,Suffix
인,Josa
취소,Noun
∙,Foreign
전부,Noun
또는,Adverb
일부,Noun
반품,Noun
등,Noun
으로,Josa
회사,Noun
의,Josa
업무,Noun
를,Josa
방해,Noun
하는,Verb
경우,Noun
3,Number
.,Punctuation
회사,Noun
가,Josa
회원,Noun
자격,Noun
을,Josa
제한,Noun
∙,Foreign
정지,Noun
시킨,Verb
후,Noun
동일한,Adjective
행위,Noun
가,Josa
2회,Number
이상,Noun
반복,Noun
되거나,Verb
30일,Number
이내,Noun
에,Josa
그,Noun
사유,Noun
가,Josa
시정,Noun
되지,Verb
아니하는,Adjective
경우,Noun
회사,Noun
는,Josa
회원,Noun
자격,Noun
을,Josa
상실,Noun
시킬,Verb
수,Noun
있습니다,Adjective
.,Punctuation
4,Number
.,Punctuation
재판매,Noun
의,Josa
목적,Noun
으로,Josa
사이트,Noun
에서,Josa
상품,Noun
등,Noun
을,Josa
중복,Noun
구매,Noun
하는,Verb
등,Noun
사이트,Noun
의,Josa
거래,Noun
질서,Noun
를,Josa
방해,Noun
하는,Verb
경우,Noun
회사,Noun
는,Josa
당해,Adjective
회원,Noun
의,Josa
회원,Noun
자격,Noun
을,Josa
상실,Noun
시킬,Verb
수,Noun
있습니다,Adjective
.,Punctuation
5,Number
.,Punctuation
회사,Noun
가,Josa
회원,Noun
자격,Noun
을,Josa
상실,Noun
시키는,Verb
경우,Noun
에는,Josa
회원,Noun
등록,Noun
을,Josa
말소,Verb
합니다,Verb
.,Punctuation
이,Noun
경우,Noun
회원,Noun
에게,Josa
이를,Verb
통지,Noun
하고,Josa
",",Punctuation
회원,Noun
등록,Noun
말소,Verb
전,Noun
에,Josa
최소,Noun
30일,Number
이상,Noun
의,Josa
기간,Noun
을,Josa
정,Noun
하여,Verb
소명,Noun
할,Verb
기회,Noun
를,Josa
부여,Noun
합니다,Verb
.,Punctuation
제,Noun
8,Number
조,Noun
(,Punctuation
회원,Noun
의,Josa
ID,Alpha
및,Noun
비밀번호,Noun
에,Josa
대한,Noun
의무,Noun
),Punctuation
1,Number
.,Punctuation
ID,Alpha
(,Punctuation
전자우편,Noun
주소,Noun
),Punctuation
와,Verb
비밀번호,Noun
에,Josa
관,Noun
한,Josa
관리,Noun
책임,Noun
은,Josa
회원,Noun
에게,Josa
있으며,Adjective
",",Punctuation
이를,Verb
소홀히,Adjective
하여,Verb
발생,Noun
한,Josa
모든,Noun
민,Noun
∙,Foreign
형사,Noun
상의,Noun
책임,Noun
은,Josa
회원,Noun
자신,Noun
에게,Josa
있습니다,Adjective
.,Punctuation
2,Number
.,Punctuation
회원,Noun
은,Josa
자신,Noun
의,Josa
ID,Alpha
및,Noun
비밀번호,Noun
를,Josa
제,Noun
3,Number
자,Noun
에게,Josa
이용,Noun
하게,Verb
해서는,Verb
안,Noun
됩니다,Verb
.,Punctuation
3,Number
.,Punctuation
회원,Noun
의,Josa
동일한,Adjective
아이디,Noun
로,Josa
2,Number
대,Verb
이상,Noun
의,Josa
디바이스,Noun
에서,Josa
서비스,Noun
를,Josa
동시,Noun
에,Josa
이용,Noun
하,Suffix
거나,Noun
서비스,Noun
이용,Noun
중,Noun
복제,Noun
프로그램,Noun
을,Josa
실행,Noun
하는,Verb
경우,Noun
또는,Adverb
녹화,Noun
를,Josa
하는,Verb
경우,Noun
와,Josa
같이,Adverb
서비스,Noun
를,Josa
부정,Noun
이용,Noun
하여,Verb
서는,Verb
안,Noun
됩니다,Verb
.,Punctuation
4,Number
.,Punctuation
회원,Noun
이,Josa
자신,Noun
의,Josa
ID,Alpha
및,Noun
비밀번호,Noun
를,Josa
도난,Noun
당하거나,Adjective
제,Noun
3,Number
자가,Noun
사용,Noun
하고,Josa
있,Adjective
음,Noun
을,Josa
인지,Noun
한,Josa
경우,Noun
에는,Josa
즉시,Noun
회사,Noun
에,Josa
통보,Noun
하고,Josa
회사,Noun
의,Josa
조치,Noun
가,Josa
있는,Adjective
경우,Noun
에는,Josa
그,Noun
에,Josa
따라야,Verb
합니다,Verb
.,Punctuation
5,Number
.,Punctuation
회원,Noun
이,Josa
제,Noun
4,Number
항,Noun
에,Josa
따른,Verb
통지,Noun
를,Josa
하지,Verb
않거나,Verb
회사,Noun
의,Josa
조치,Noun
에,Josa
응,Noun
하지,Verb
아니하여,Adjective
발생,Noun
하는,Verb
모든,Noun
불이익,Noun
에,Josa
대한,Noun
책임,Noun
은,Josa
회원,Noun
에게,Josa
있습니다,Adjective
.,Punctuation
제,Noun
9,Number
조,Noun
(,Punctuation
회원,Noun
의,Josa
의무,Noun
),Punctuation
1,Number
.,Punctuation
회원,Noun
은,Josa
관계,Noun
법령,Noun
",",Punctuation
이,Noun
약관,Noun
의,Josa
규정,Noun
",",Punctuation
이용,Noun
안내,Noun
등,Noun
회사,Noun
가,Josa
통지,Noun
하는,Verb
사항,Noun
을,Josa
준수,Noun
하여야,Verb
하며,Verb
",",Punctuation
기타,Noun
회사,Noun
업무,Noun
에,Josa
방해,Noun
되는,Verb
행위,Noun
를,Josa
하여,Verb
서는,Verb
안,Noun
됩니다,Verb
.,Punctuation
2,Number
.,Punctuation
회원,Noun
은,Josa
서비스,Noun
이용,Noun
과,Josa
관련,Noun
하여,Verb
다음,Noun
각,Noun
호의,Noun
행위,Noun
를,Josa
하여,Verb
서는,Verb
안,Noun
됩니다,Verb
.,Punctuation
가,Verb
.,Punctuation
서비스,Noun
신청,Noun
또는,Adverb
변경,Noun
시,Noun
허위,Noun
내용,Noun
의,Josa
등록,Noun
나,Noun
.,Punctuation
타인,Noun
의,Josa
정보,Noun
도용,Noun
다,Adverb
.,Punctuation
사이트,Noun
에,Josa
게시,Noun
된,Verb
정보,Noun
의,Josa
허가,Noun
받지,Verb
않은,Verb
변경,Noun
라,Josa
.,Punctuation
회사,Noun
가,Josa
정,Noun
한,Josa
정보,Noun
이외,Noun
의,Josa
정보,Noun
(,Punctuation
컴퓨터,Noun
프로그램,Noun
등,Noun
),Punctuation
의,Noun
송신,Noun
또는,Adverb
게시,Noun
마,Noun
.,Punctuation
회사,Noun
및,Noun
기타,Noun
제,Noun
3,Number
자의,Noun
저작권,Noun
등,Noun
지식,Noun
재산권,Noun
에,Josa
대한,Noun
침해,Noun
바,Noun
.,Punctuation
회사,Noun
및,Noun
기타,Noun
제,Noun
3,Number
자의,Noun
명예,Noun
를,Josa
손상,Noun
시키거나,Verb
업무,Noun
를,Josa
방해,Noun
하는,Verb
행위,Noun
사,Noun
.,Punctuation
외설,Noun
또는,Adverb
폭력,Noun
적,Suffix
인,Josa
메시지,Noun
∙,Foreign
화상,Noun
∙,Foreign
음성,Noun
기타,Noun
공,Modifier
서,Modifier
양속,Noun
에,Josa
반하는,Adjective
정보,Noun
를,Josa
회사,Noun
에,Josa
공개,Noun
또는,Adverb
게시,Noun
하는,Verb
행위,Noun
아,Exclamation
.,Punctuation
회사,Noun
의,Josa
동의,Noun
없이,Adverb
영리,Noun
를,Josa
목적,Noun
으로,Josa
서비스,Noun
를,Josa
사용,Noun
하는,Verb
행위,Noun
자,Noun
.,Punctuation
기타,Noun
관계,Noun
법령,Noun
이나,Josa
회사,Noun
에서,Josa
정,Noun
한,Josa
규정,Noun
에,Josa
위배,Noun
되는,Verb
행위,Noun
제,Noun
10,Number
조,Noun
(,Punctuation
회원,Noun
의,Josa
게시,Noun
물,Noun
),Punctuation
1,Number
.,Punctuation
회원,Noun
이,Josa
작성,Noun
한,Josa
게시,Noun
물,Noun
에,Josa
대한,Noun
모든,Noun
권리,Noun
및,Noun
책임,Noun
은,Josa
이를,Verb
게시,Noun
한,Josa
회원,Noun
에게,Josa
있으며,Adjective
",",Punctuation
회사,Noun
는,Josa
회원,Noun
이,Josa
게시,Noun
하,Suffix
거나,Noun
등록,Noun
하는,Verb
서비스,Noun
의,Josa
내용물,Noun
이,Josa
다음,Noun
각,Noun
항,Noun
에,Josa
해당,Noun
한,Josa
다,Adverb
고,Noun
판단,Noun
되는,Verb
경우,Noun
에,Josa
사전통지,Noun
없이,Adverb
삭제,Noun
할,Verb
수,Noun
있고,Adjective
",",Punctuation
이,Noun
에,Josa
대하,Noun
여,Josa
회사,Noun
는,Josa
어떠한,Adjective
책임,Noun
도,Josa
지지,Noun
않습니다,Verb
.,Punctuation
가,Verb
.,Punctuation
다른,Noun
회원,Noun
또는,Adverb
제,Noun
3,Number
자를,Verb
비방,Noun
하,Suffix
거나,Noun
중상,Noun
모략,Noun
으로,Josa
명예,Noun
를,Josa
손상,Noun
시키는,Verb
내용,Noun
인,Josa
경우,Noun
나,Noun
.,Punctuation
공,Modifier
서,Modifier
양속,Noun
에,Josa
위반,Noun
되는,Verb
내용,Noun
일,Noun
경우,Noun
다,Adverb
.,Punctuation
범죄,Noun
적,Suffix
행위,Noun
에,Josa
결부,Noun
된다고,Verb
인정,Noun
되는,Verb
경우,Noun
라,Josa
.,Punctuation
회사,Noun
의,Josa
저작권,Noun
",",Punctuation
제,Noun
3,Number
자의,Noun
저작권,Noun
등,Noun
기타,Noun
권리,Noun
를,Josa
침해,Noun
하는,Verb
내용,Noun
인,Josa
경우,Noun
마,Noun
.,Punctuation
회원,Noun
이,Josa
사이트,Noun
와,Josa
게시판,Noun
에,Josa
음란물,Noun
을,Josa
게재,Noun
하,Suffix
거나,Noun
음란,Noun
사이트,Noun
를,Josa
링크,Noun
하는,Verb
경우,Noun
바,Noun
.,Punctuation
회사,Noun
로부터,Noun
사전,Noun
승인,Noun
받지,Verb
아니한,Adjective
상업,Noun
광고,Noun
",",Punctuation
판촉,Noun
내용,Noun
을,Josa
게시,Noun
하는,Verb
경우,Noun
사,Noun
.,Punctuation
해당,Noun
상품,Noun
과,Josa
관련,Noun
없는,Adjective
내용,Noun
인,Josa
경우,Noun
아,Exclamation
.,Punctuation
정당한,Adjective
사유,Noun
없이,Adverb
당사,Noun
의,Josa
영업,Noun
을,Josa
방해,Noun
하는,Verb
내용,Noun
을,Josa
기재,Noun
하는,Verb
경우,Noun
자,Noun
.,Punctuation
기타,Noun
관계,Noun
법령,Noun
에,Josa
위반,Noun
된다고,Verb
판단,Noun
되는,Verb
경우,Noun
제,Noun
11,Number
조,Noun
(,Punctuation
회원,Noun
에,Josa
대한,Noun
통지,Noun
),Punctuation
1,Number
.,Punctuation
회사,Noun
가,Josa
회원,Noun
에게,Josa
통지,Noun
를,Josa
하는,Verb
경우,Noun
",",Punctuation
회원,Noun
의,Josa
알림,Noun
설정,Noun
여부,Noun
에,Josa
따라,Verb
회원,Noun
가입,Noun
시,Noun
입력,Noun
한,Josa
전자우편,Noun
주소,Noun
나,Josa
문자,Noun
",",Punctuation
카카오,Noun
톡,Noun
",",Punctuation
푸시,Noun
등,Noun
으로,Josa
할,Verb
수,Noun
있습니다,Adjective
.,Punctuation
다만,Noun
",",Punctuation
서비스,Noun
이용,Noun
에,Josa
따른,Verb
필수,Noun
적,Suffix
인,Josa
내용,Noun
또는,Adverb
관련,Noun
법,Noun
에,Josa
따른,Verb
거래,Noun
관련,Noun
정보,Noun
및,Noun
고객,Noun
문의,Noun
에,Josa
대한,Noun
답변,Noun
등,Noun
은,Josa
알림,Noun
설정,Noun
여부,Noun
와,Josa
관계없이,Adverb
통지,Noun
합니다,Verb
.,Punctuation
2,Number
.,Punctuation
회사,Noun
는,Josa
불,Noun
특정,Noun
다수,Noun
회원,Noun
에,Josa
대한,Noun
통지,Noun
의,Josa
경우,Noun
",",Punctuation
1,Number
주일,Noun
이상,Noun
사이트,Noun
에,Josa
게시,Noun
함,Noun
으로써,Josa
개별,Noun
통지,Noun
에,Josa
갈음,Verb
할,Verb
수,Noun
있습니다,Adjective
.,Punctuation
다만,Noun
",",Punctuation
회원,Noun
본인,Noun
의,Josa
거래,Noun
에,Josa
관,Noun
하여,Verb
중대한,Adjective
영향,Noun
을,Josa
미치는,Adjective
사항,Noun
에,Josa
대하,Noun
여,Noun
는,Josa
개별,Noun
통지,Noun
합니다,Verb
.,Punctuation
제,Noun
12,Number
조,Noun
(,Punctuation
회사,Noun
의,Josa
의무,Noun
),Punctuation
1,Number
.,Punctuation
회사,Noun
는,Josa
관계,Noun
법령,Noun
과,Josa
이,Noun
약관,Noun
이,Josa
금지,Noun
하,Suffix
거나,Noun
공,Modifier
서,Modifier
양속,Noun
에,Josa
반하는,Adjective
행위,Noun
를,Josa
하지,Verb
않으며,Verb
이,Noun
약관,Noun
이,Josa
정,Noun
하는,Verb
바,Noun
에,Josa
따라,Verb
지속,Noun
적,Suffix
이고,Josa
",",Punctuation
안정,Noun
적,Suffix
으로,Josa
상품,Noun
등,Noun
을,Josa
제공,Noun
하는데,Verb
최선,Noun
을,Josa
다,Adverb
하여야,Verb
합니다,Verb
.,Punctuation
2,Number
.,Punctuation
회사,Noun
는,Josa
회원,Noun
이,Josa
안전하게,Adjective
서비스,Noun
를,Josa
이용,Noun
할,Verb
수,Noun
있도록,Adjective
회원,Noun
의,Josa
개인정보,Noun
(,Punctuation
신용정보,Noun
포함,Noun
),Punctuation
보호,Noun
를,Josa
위,Noun
한,Josa
보안,Noun
시스템,Noun
을,Josa
갖추어야,Verb
하며,Verb
",",Punctuation
개인,Noun
정보처리,Noun
방침,Noun
을,Josa
공시,Noun
하고,Josa
준수,Noun
합니다,Verb
.,Punctuation
3,Number
.,Punctuation
회사,Noun
는,Josa
회원,Noun
으로부터,Josa
제기,Noun
되는,Verb
의견,Noun
이나,Josa
불만,Noun
이,Josa
정당하다고,Adjective
객관,Noun
적,Suffix
으로,Josa
인정,Noun
될,Verb
경우,Noun
에는,Josa
적절한,Adjective
절차,Noun
를,Josa
거쳐,Verb
즉시,Noun
처리,Noun
하여야,Verb
합니다,Verb
.,Punctuation
다만,Noun
",",Punctuation
즉시,Noun
처리,Noun
가,Josa
곤란한,Adjective
경우,Noun
에는,Josa
회원,Noun
에게,Josa
그,Noun
사유,Noun
와,Josa
처리,Noun
일정,Noun
을,Josa
통보,Noun
하여야,Verb
합니다,Verb
.,Punctuation
4,Number
.,Punctuation
회사,Noun
는,Josa
이용자,Noun
가,Josa
원하지,Adjective
않는,Verb
영리,Noun
목적,Noun
의,Josa
광고,Noun
성,Suffix
전자우편,Noun
및,Noun
문자,Noun
등,Noun
을,Josa
발송,Noun
하지,Verb
않습니다,Verb
.,Punctuation
제,Noun
13,Number
조,Noun
(,Punctuation
서비스,Noun
의,Josa
제공,Noun
및,Noun
변경,Noun
),Punctuation
1,Number
.,Punctuation
회사,Noun
는,Josa
다음,Noun
과,Josa
같은,Adjective
서비스,Noun
를,Josa
제공,Noun
합니다,Verb
.,Punctuation
가,Verb
.,Punctuation
회사,Noun
가,Josa
운영,Noun
하는,Verb
사이트,Noun
에서,Josa
명시,Noun
하는,Verb
서비스,Noun
에,Josa
대한,Noun
전자상거래,Noun
서비스,Noun
및,Noun
부수,Noun
서비스,Noun
나,Noun
.,Punctuation
기타,Noun
회사,Noun
가,Josa
정,Noun
하는,Verb
서비스,Noun
또는,Adverb
업무,Noun
2,Number
.,Punctuation
회사,Noun
는,Josa
상품,Noun
등,Noun
의,Josa
품절,Noun
또는,Adverb
기술,Noun
적,Suffix
사양,Noun
의,Josa
변경,Noun
등,Noun
의,Josa
사유,Noun
로,Josa
장차,Noun
체결,Noun
되는,Verb
계약,Noun
에,Josa
의해,Adjective
제공,Noun
할,Verb
상품,Noun
등,Noun
의,Josa
내용,Noun
을,Josa
변경,Noun
할,Verb
수,Noun
있습니다,Adjective
.,Punctuation
이,Noun
경우,Noun
에는,Josa
변경,Noun
된,Verb
상품,Noun
등,Noun
의,Josa
내용,Noun
및,Noun
제,Modifier
공,Modifier
일자,Noun
를,Josa
명시,Noun
하여,Verb
현재,Noun
의,Josa
상품,Noun
등,Noun
의,Josa
내용,Noun
을,Josa
게시,Noun
한,Josa
곳,Noun
에,Josa
즉시,Noun
공지,Noun
합니다,Verb
.,Punctuation
3,Number
.,Punctuation
회사,Noun
는,Josa
회원,Noun
과,Josa
계약,Noun
을,Josa
체결,Noun
한,Josa
서비스,Noun
의,Josa
내용,Noun
을,Josa
상품,Noun
등,Noun
의,Josa
품절,Noun
또는,Adverb
기술,Noun
적,Suffix
사양,Noun
의,Josa
변경,Noun
등,Noun
의,Josa
사유,Noun
로,Josa
변경,Noun
할,Verb
경우,Noun
에는,Josa
회원,Noun
에게,Josa
즉시,Noun
통지,Noun
합니다,Verb
.,Punctuation
4,Number
.,Punctuation
전,Modifier
항의,Noun
경우,Noun
회사,Noun
는,Josa
이로,Noun
인하여,Adjective
회원,Noun
이,Josa
입은,Verb
인과관계,Noun
가,Josa
입증,Noun
된,Verb
실제,Noun
손해,Noun
를,Josa
배상,Noun
합니다,Verb
.,Punctuation
다만,Noun
",",Punctuation
회사,Noun
가,Josa
고의,Noun
또는,Adverb
과실,Noun
이,Josa
없,Adjective
음,Noun
을,Josa
입증,Noun
하는,Verb
경우,Noun
에는,Josa
그러하지,Adjective
않습니다,Verb
.,Punctuation
제,Noun
14,Number
조,Noun
(,Punctuation
개별,Noun
서비스,Noun
에,Josa
대한,Noun
약관,Noun
및,Noun
이용,Noun
조건,Noun
),Punctuation
회사,Noun
는,Josa
제공,Noun
하는,Verb
서비스,Noun
내의,Noun
개별,Noun
서비스,Noun
에,Josa
대한,Noun
별도,Noun
의,Josa
약관,Noun
및,Noun
이용,Noun
조건,Noun
을,Josa
둘,Noun
수,Noun
있으며,Adjective
개별,Noun
서비스,Noun
에서,Josa
별도,Noun
로,Josa
적용,Noun
되는,Verb
약관,Noun
에,Josa
대한,Noun
동의,Noun
는,Josa
회원,Noun
이,Josa
개별,Noun
서비스,Noun
를,Josa
최초,Noun
로,Josa
이용,Noun
할,Verb
경우,Noun
별도,Noun
의,Josa
동의,Noun
절차,Noun
를,Josa
거치,Noun
게,Josa
됩니다,Verb
.,Punctuation
이,Noun
경우,Noun
개별,Noun
서비스,Noun
에,Josa
대한,Noun
이용,Noun
약관,Noun
등,Noun
이,Josa
본,Verb
약관,Noun
에,Josa
우선합니다,Adjective
.,Punctuation
제,Noun
15,Number
조,Noun
(,Punctuation
서비스,Noun
이용,Noun
시간,Noun
),Punctuation
서비스,Noun
의,Josa
이용,Noun
은,Josa
회사,Noun
의,Josa
업무,Noun
상,Suffix
또는,Adverb
기술,Noun
상,Suffix
특별한,Adjective
지장,Noun
이,Josa
없는,Adjective
한,Verb
연중,Noun
무,Noun
휴,Exclamation
1일,Number
24시간,Number
을,Foreign
원칙,Noun
으로,Josa
합니다,Verb
.,Punctuation
다만,Noun
정기,Noun
점검,Noun
등,Noun
의,Josa
필요,Noun
로,Josa
회사,Noun
가,Josa
정,Noun
한,Josa
날,Noun
이나,Josa
시간,Noun
은,Josa
제외,Noun
됩니다,Verb
.,Punctuation
정기,Noun
점검,Noun
시간,Noun
은,Josa
서비스,Noun
제공,Noun
화면,Noun
에,Josa
공지,Noun
한,Josa
바,Noun
에,Josa
따릅니다,Verb
.,Punctuation
제,Noun
16,Number
조,Noun
(,Punctuation
서비스,Noun
이용,Noun
책임,Noun
),Punctuation
회원,Noun
은,Josa
회사,Noun
가,Josa
서명,Noun
한,Josa
명시,Noun
적,Suffix
인,Josa
서면,Noun
에,Josa
구체,Noun
적,Suffix
으로,Josa
허용,Noun
한,Josa
경우,Noun
를,Josa
제외,Noun
하고는,Josa
서비스,Noun
를,Josa
이용,Noun
하여,Verb
상품,Noun
을,Josa
판매,Noun
하는,Verb
영업,Noun
활동,Noun
을,Josa
할,Verb
수,Noun
없으며,Adjective
특히,Adverb
해킹,Noun
",",Punctuation
돈벌이,Noun
광고,Noun
",",Punctuation
음란,Noun
사이트,Noun
등,Noun
을,Josa
통한,Noun
상업,Noun
행위,Noun
",",Punctuation
상용,Noun
S,Alpha
/,Punctuation
W,Alpha
불법,Noun
배포,Noun
등,Noun
을,Josa
할,Verb
수,Noun
없습니다,Adjective
.,Punctuation
이를,Verb
어겨,Verb
발생,Noun
한,Josa
영업,Noun
활동,Noun
의,Josa
결과,Noun
및,Noun
손실,Noun
",",Punctuation
관계,Noun
기관,Noun
에,Josa
의한,Adjective
법적,Noun
조치,Noun
등,Noun
에,Josa
관,Noun
해서는,Verb
회사,Noun
가,Josa
책임,Noun
을,Josa
지지,Noun
않습니다,Verb
.,Punctuation
제,Noun
17,Number
조,Noun
(,Punctuation
서비스,Noun
제공,Noun
의,Josa
중지,Noun
),Punctuation
1,Number
.,Punctuation
회사,Noun
는,Josa
다음,Noun
각,Noun
호에,Exclamation
해당,Noun
하는,Verb
경우,Noun
서비스,Noun
제공,Noun
을,Josa
중지,Noun
할,Verb
수,Noun
있습니다,Adjective
.,Punctuation
가,Verb
.,Punctuation
컴퓨터,Noun
등,Noun
정보통,Noun
신,Modifier
설비,Noun
의,Josa
보수,Noun
점검,Noun
∙,Foreign
교체,Noun
및,Noun
고장,Noun
",",Punctuation
통신,Noun
의,Josa
두절,Noun
등,Noun
의,Josa
사유,Noun
가,Josa
발생,Noun
한,Josa
경우,Noun
나,Noun
.,Punctuation
『,Foreign
전기통신사업법,Noun
』,Foreign
에,Josa
규정,Noun
된,Verb
기간,Noun
통신사,Noun
업자,Noun
가,Josa
전기통신,Noun
서비스,Noun
를,Josa
중지,Noun
했을,Verb
경우,Noun
다,Adverb
.,Punctuation
기타,Noun
불가항력,Noun
적,Suffix
사유,Noun
가,Josa
있는,Adjective
경우,Noun
2,Number
.,Punctuation
회사,Noun
는,Josa
국가,Noun
비상,Noun
사태,Noun
",",Punctuation
정전,Noun
",",Punctuation
서비스,Noun
설비,Noun
의,Josa
장애,Noun
또는,Adverb
서비스,Noun
이용,Noun
의,Josa
폭주,Noun
등,Noun
으로,Josa
정상,Noun
적,Suffix
인,Josa
서비스,Noun
이용,Noun
에,Josa
지장,Noun
이,Josa
있는,Adjective
때,Noun
에는,Josa
서비스,Noun
의,Josa
전부,Noun
또는,Adverb
일부,Noun
를,Josa
제한,Noun
하,Suffix
거나,Noun
정지,Noun
할,Verb
수,Noun
있습니다,Adjective
.,Punctuation
회사,Noun
가,Josa
서비스,Noun
제공,Noun
을,Josa
일시,Noun
적,Suffix
으로,Josa
중단,Noun
할,Verb
경우,Noun
또는,Adverb
중단,Noun
했을,Verb
경우,Noun
서비스,Noun
일시,Noun
중단,Noun
사실,Noun
과,Josa
그,Noun
사유,Noun
를,Josa
사이트,Noun
초기,Noun
화면,Noun
에,Josa
통지,Noun
합니다,Verb
.,Punctuation
제,Noun
18,Number
조,Noun
(,Punctuation
정보,Noun
의,Josa
제공,Noun
및,Noun
광고,Noun
의,Josa
게재,Noun
),Punctuation
1,Number
.,Punctuation
회사,Noun
는,Josa
회원,Noun
이,Josa
서비스,Noun
이용,Noun
중,Noun
필요하다고,Adjective
인정,Noun
되는,Verb
다양한,Adjective
정보,Noun
를,Josa
공지,Noun
사항,Noun
또는,Adverb
전자우편,Noun
",",Punctuation
문자,Noun
메세지,Noun
또는,Adverb
카카오,Noun
톡,Noun
",",Punctuation
푸시,Noun
",",Punctuation
전화,Noun
등,Noun
의,Josa
방법,Noun
으로,Josa
회원,Noun
에게,Josa
제공,Noun
할,Verb
수,Noun
있습니다,Adjective
.,Punctuation
다만,Noun
",",Punctuation
회원,Noun
은,Josa
관련,Noun
법,Noun
에,Josa
따른,Verb
거래,Noun
관련,Noun
정보,Noun
및,Noun
고객,Noun
문의,Noun
등,Noun
에,Josa
대한,Noun
답변,Noun
등,Noun
을,Josa
제외,Noun
하고는,Josa
언제,Noun
든지,Josa
전자우편,Noun
등,Noun
에,Josa
대해,Noun
서,Josa
수,Modifier
신,Modifier
거절,Noun
을,Josa
할,Verb
수,Noun
있습니다,Adjective
.,Punctuation
2,Number
.,Punctuation
회사,Noun
는,Josa
서비스,Noun
의,Josa
운영,Noun
과,Josa
관련,Noun
하여,Verb
서비스,Noun
화면,Noun
",",Punctuation
홈페이지,Noun
",",Punctuation
전자우편,Noun
등,Noun
에,Josa
광고,Noun
를,Josa
게재,Noun
할,Verb
수,Noun
있습니다,Adjective
.,Punctuation
광고,Noun
가,Josa
게재,Noun
된,Verb
전자우편,Noun
등,Noun
을,Josa
수신,Noun
한,Josa
회원,Noun
은,Josa
회사,Noun
에게,Josa
수,Modifier
신,Modifier
거절,Noun
을,Josa
요청,Noun
할,Verb
수,Noun
있습니다,Adjective
.,Punctuation
제,Noun
19,Number
조,Noun
(,Punctuation
구매,Noun
신청,Noun
),Punctuation
1,Number
.,Punctuation
회원,Noun
은,Josa
본,Verb
약관,Noun
및,Noun
회사,Noun
가,Josa
정,Noun
한,Josa
규정,Noun
에,Josa
따라,Verb
아래,Noun
또는,Adverb
이,Noun
와,Josa
유사한,Adjective
방법,Noun
에,Josa
의하여,Adjective
구매,Noun
를,Josa
신청,Noun
하여야,Verb
합니다,Verb
.,Punctuation
가,Verb
.,Punctuation
상품,Noun
등,Noun
의,Josa
선택,Noun
나,Noun
.,Punctuation
구매,Noun
자,Suffix
성명,Noun
",",Punctuation
주소,Noun
",",Punctuation
전화번호,Noun
",",Punctuation
전자우편,Noun
주소,Noun
",",Punctuation
수취,Noun
인,Suffix
의,Josa
성명,Noun
",",Punctuation
배송지,Noun
정보,Noun
",",Punctuation
전화번호,Noun
입력,Noun
다,Adverb
.,Punctuation
결제,Noun
시,Noun
유의사항,Noun
에,Josa
대한,Noun
확인,Noun
라,Josa
.,Punctuation
이,Noun
약관,Noun
에,Josa
동의,Noun
한다는,Modifier
표시,Noun
(,Punctuation
예,Noun
:,Punctuation
마우스,Noun
클릭,Noun
),Punctuation
2,Number
.,Punctuation
회사,Noun
는,Josa
회원,Noun
의,Josa
구,Modifier
매,Modifier
신청,Noun
이,Josa
있는,Adjective
경우,Noun
회원,Noun
에게,Josa
수,Modifier
신,Modifier
확인,Noun
통지,Noun
를,Josa
합니다,Verb
.,Punctuation
3,Number
.,Punctuation
전,Noun
항의,Noun
수,Modifier
신,Modifier
확인,Noun
통지,Noun
를,Josa
받은,Verb
회원,Noun
은,Josa
의사표시,Noun
의,Josa
불,Noun
일치,Noun
등,Noun
이,Josa
있는,Adjective
경우,Noun
에는,Josa
수,Modifier
신,Modifier
확인,Noun
통지,Noun
를,Josa
받은,Verb
후,Noun
즉시,Noun
구매,Noun
신청,Noun
변경,Noun
및,Noun
취소,Noun
를,Josa
요청,Noun
할,Verb
수,Noun
있습니다,Adjective
.,Punctuation
다만,Noun
",",Punctuation
이미,Adverb
대금,Noun
을,Josa
지불,Noun
한,Josa
경우,Noun
에는,Josa
제,Noun
25조,Number
청약,Noun
철회,Noun
등,Noun
에,Josa
관,Noun
한,Josa
규정,Noun
에,Josa
따릅니다,Verb
.,Punctuation
제,Noun
20,Number
조,Noun
(,Punctuation
대금,Noun
지급,Noun
방법,Noun
),Punctuation
1,Number
.,Punctuation
회사,Noun
에서,Josa
구매,Noun
한,Josa
상품,Noun
또는,Adverb
쿠폰,Noun
에,Josa
대한,Noun
대,Modifier
금지,Noun
급,Suffix
방법,Noun
은,Josa
다음,Noun
각,Noun
호의,Noun
하나로,Noun
할,Verb
수,Noun
있습니다,Adjective
.,Punctuation
가,Verb
.,Punctuation
신용카드,Noun
결제,Noun
나,Noun
.,Punctuation
무,Noun
통장,Noun
입금,Noun
(,Punctuation
가상,Noun
계좌,Noun
),Punctuation
다,Adverb
.,Punctuation
기타,Noun
회사,Noun
가,Josa
추가,Noun
지정,Noun
하는,Verb
결제,Noun
수단,Noun
(,Punctuation
할인,Noun
쿠폰,Noun
",",Punctuation
스마트폰,Noun
앱,Noun
등,Noun
),Punctuation
2,Number
.,Punctuation
회원,Noun
이,Josa
구,Modifier
매,Modifier
대금,Noun
의,Josa
결제,Noun
와,Josa
관련,Noun
하여,Verb
입력,Noun
한,Josa
정보,Noun
및,Noun
그,Noun
정보,Noun
와,Josa
관련,Noun
하여,Verb
발생,Noun
한,Josa
책임,Noun
과,Josa
불이익,Noun
은,Josa
전적,Noun
으로,Josa
회원,Noun
이,Josa
부담,Noun
합니다,Verb
.,Punctuation
제,Noun
21,Number
조,Noun
(,Punctuation
할인,Noun
쿠폰,Noun
),Punctuation
1,Number
.,Punctuation
할인,Noun
쿠폰,Noun
은,Josa
회사,Noun
에서,Josa
발행,Noun
하는,Verb
쿠폰,Noun
으로,Josa
",",Punctuation
발행,Noun
대상,Noun
",",Punctuation
발행,Noun
경로,Noun
",",Punctuation
사용,Noun
대상,Noun
등,Noun
에,Josa
따라,Verb
구분,Noun
될,Verb
수,Noun
있으며,Adjective
",",Punctuation
할인,Noun
쿠폰,Noun
의,Josa
세부,Noun
구분,Noun
",",Punctuation
할인,Noun
금액,Noun
(,Punctuation
할인,Noun
율,Noun
"),",Punctuation
사용,Noun
방법,Noun
",",Punctuation
사용,Noun
기한,Noun
및,Noun
제한,Noun
에,Josa
대한,Noun
사항,Noun
은,Josa
할인,Noun
쿠폰,Noun
또는,Adverb
서비스,Noun
화면,Noun
에,Josa
표시,Noun
합니다,Verb
.,Punctuation
할인,Noun
쿠폰,Noun
의,Josa
종류,Noun
및,Noun
내용,Noun
과,Josa
발급,Noun
여부,Noun
에,Josa
관,Noun
하여는,Verb
회사,Noun
의,Josa
정책,Noun
에,Josa
따라,Verb
달라질,Verb
수,Noun
있습니다,Adjective
.,Punctuation
2,Number
.,Punctuation
할인,Noun
쿠폰,Noun
은,Josa
현금,Noun
으로,Josa
출금,Noun
될,Verb
수,Noun
없으며,Adjective
",",Punctuation
할인,Noun
쿠폰,Noun
에,Josa
표시,Noun
된,Verb
유효,Noun
기간,Noun
이,Josa
만료,Noun
되거나,Verb
이용,Noun
계약,Noun
이,Josa
종료,Noun
되면,Verb
소멸합니다,Adjective
.,Punctuation
3,Number
.,Punctuation
할인,Noun
쿠폰,Noun
은,Josa
회사,Noun
에서,Josa
별도,Noun
로,Josa
명시,Noun
한,Josa
경우,Noun
를,Josa
제외,Noun
하고는,Josa
타인,Noun
에게,Josa
양도,Noun
할,Verb
수,Noun
없으며,Adjective
",",Punctuation
부정,Noun
한,Josa
목적,Noun
이나,Josa
용도,Noun
로,Josa
사용,Noun
할,Verb
수,Noun
없습니다,Adjective
.,Punctuation
이를,Verb
위반,Noun
한,Josa
경우,Noun
회사,Noun
는,Josa
할인,Noun
쿠폰,Noun
을,Josa
소멸,Noun
시키거나,Verb
회원,Noun
자격,Noun
을,Josa
정지,Noun
할,Verb
수,Noun
있습니다,Adjective
.,Punctuation
4,Number
.,Punctuation
회원,Noun
이,Josa
부정,Noun
한,Josa
방법,Noun
으로,Josa
할인,Noun
쿠폰,Noun
을,Josa
획득,Noun
한,Josa
사실,Noun
이,Josa
확인,Noun
될,Verb
경우,Noun
회사,Noun
는,Josa
회원,Noun
의,Josa
할인,Noun
쿠폰,Noun
회수,Noun
",",Punctuation
회원,Noun
탈퇴,Noun
및,Noun
형사,Noun
고발,Noun
등,Noun
의,Josa
조치,Noun
를,Josa
취할,Noun
수,Noun
있습니다,Adjective
.,Punctuation
제,Noun
22,Number
조,Noun
(,Punctuation
상품,Noun
등,Noun
의,Josa
공급,Noun
),Punctuation
1,Number
.,Punctuation
회사,Noun
는,Josa
회원,Noun
의,Josa
상품,Noun
등,Noun
의,Josa
공급,Noun
에,Josa
관,Noun
하여,Verb
별도,Noun
의,Josa
약정,Noun
이,Josa
없는,Adjective
이상,Noun
회원,Noun
이,Josa
상품,Noun
등,Noun
을,Josa
구매,Noun
한,Josa
날,Noun
부터,Josa
빠른,Adjective
시일,Noun
이내,Noun
에,Josa
상품,Noun
등,Noun
을,Josa
배송,Noun
할,Verb
수,Noun
있도록,Adjective
주문,Noun
제작,Noun
",",Punctuation
발주,Noun
",",Punctuation
구매,Noun
",",Punctuation
검수,Noun
",",Punctuation
포장,Noun
등,Noun
기타,Noun
의,Josa
필요한,Adjective
조치,Noun
를,Josa
취합니,Noun
다,Josa
.,Punctuation
2,Number
.,Punctuation
회사,Noun
는,Josa
회원,Noun
이,Josa
상품,Noun
등,Noun
의,Josa
공급,Noun
절차,Noun
및,Noun
진행,Noun
사항,Noun
",",Punctuation
상품,Noun
등,Noun
에,Josa
대한,Noun
구매,Noun
결제,Noun
내,Determiner
역,Noun
을,Josa
확인,Noun
할,Verb
수,Noun
있도록,Adjective
적절한,Adjective
조치,Noun
를,Josa
하여야,Verb
하며,Verb
",",Punctuation
상품,Noun
등,Noun
의,Josa
취소,Noun
방법,Noun
및,Noun
절차,Noun
를,Josa
안내,Noun
하여야,Verb
합니다,Verb
.,Punctuation
3,Number
.,Punctuation
회사,Noun
는,Josa
회원,Noun
이,Josa
구매,Noun
한,Josa
상품,Noun
등,Noun
에,Josa
대해,Noun
배송,Noun
수단,Noun
",",Punctuation
수단,Noun
별,Noun
배송,Noun
비용,Noun
",",Punctuation
배송,Noun
비용,Noun
부담,Noun
자,Suffix
",",Punctuation
수단,Noun
별,Noun
배송,Noun
기간,Noun
등,Noun
을,Josa
명시,Noun
합니다,Verb
.,Punctuation
4,Number
.,Punctuation
회사,Noun
와,Josa
고객,Noun
간,Noun
에,Josa
상품,Noun
의,Josa
공급,Noun
",",Punctuation
인도,Noun
시기,Noun
및,Noun
쿠폰,Noun
의,Josa
제,Modifier
공,Modifier
시기,Noun
에,Josa
관,Noun
하여,Verb
별도,Noun
의,Josa
약정,Noun
이,Josa
있는,Adjective
경우,Noun
에는,Josa
본,Verb
약관,Noun
에,Josa
우선합니다,Adjective
.,Punctuation
제,Noun
23,Number
조,Noun
(,Punctuation
환급,Noun
),Punctuation
회사,Noun
는,Josa
회원,Noun
이,Josa
구매,Noun
신청,Noun
한,Josa
상품,Noun
등,Noun
이,Josa
품절,Noun
등,Noun
의,Josa
사유,Noun
로,Josa
인도,Noun
또는,Adverb
제공,Noun
할,Verb
수,Noun
없을,Adjective
때,Noun
에는,Josa
지체,Noun
없이,Adverb
그,Noun
사유,Noun
를,Josa
회원,Noun
에게,Josa
통지,Noun
하여야,Verb
하고,Verb
",",Punctuation
사전,Noun
에,Josa
상품,Noun
등,Noun
의,Josa
대금,Noun
을,Josa
받은,Verb
경우,Noun
에는,Josa
대금,Noun
을,Josa
받은,Verb
날로,Noun
부터,Josa
7,Number
영업일,Noun
이내,Noun
에,Josa
환급,Noun
하,Suffix
거나,Noun
환급,Noun
에,Josa
필요한,Adjective
조치,Noun
를,Josa
취합니,Noun
다,Josa
.,Punctuation
제,Noun
24,Number
조,Noun
(,Punctuation
회사,Noun
의,Josa
환불,Noun
정책,Noun
),Punctuation
1,Number
.,Punctuation
회사,Noun
의,Josa
본,Verb
약,Modifier
관상,Noun
환불,Noun
정책,Noun
등,Noun
은,Josa
『,Foreign
전자상거래,Noun
등,Noun
에서의,Josa
소비자보호,Noun
에,Josa
관,Noun
한,Josa
법률,Noun
』,Foreign
및,Noun
동,Modifier
법,Noun
시행,Noun
령,Noun
등,Noun
관련,Noun
법령,Noun
을,Josa
준수,Noun
합니다,Verb
.,Punctuation
2,Number
.,Punctuation
회원,Noun
은,Josa
환불,Noun
또는,Adverb
변경,Noun
요청,Noun
사항,Noun
을,Josa
서면,Noun
으로,Josa
회사,Noun
에,Josa
전달,Noun
하여야,Verb
하며,Verb
",",Punctuation
회사,Noun
는,Josa
환불,Noun
요청,Noun
을,Josa
접수,Noun
하고,Josa
회원,Noun
의,Josa
요청,Noun
과,Josa
회사,Noun
의,Josa
환불,Noun
정책,Noun
을,Josa
확인,Noun
후,Noun
",",Punctuation
최대한,Noun
신속하게,Adjective
환불,Noun
하여,Verb
드립니다,Verb
.,Punctuation
3,Number
.,Punctuation
회원,Noun
은,Josa
다음,Noun
각,Noun
호의,Noun
사항,Noun
에,Josa
따라,Verb
유료,Noun
콘텐츠,Noun
서비스,Noun
의,Josa
환불,Noun
또는,Adverb
변경,Noun
을,Josa
회사,Noun
에,Josa
요청,Noun
할,Verb
수,Noun
있습니다,Adjective
.,Punctuation
단,Noun
",",Punctuation
강의,Noun
영상,Noun
파일,Noun
또는,Adverb
강의,Noun
자료,Noun
파일,Noun
(,Punctuation
이후,Noun
‘,Foreign
파일,Noun
’,Punctuation
이라,Verb
합니다,Verb
),Punctuation
을,Josa
PC,Alpha
",",Punctuation
스마트폰,Noun
",",Punctuation
스마트패드,Noun
",",Punctuation
PMP,Alpha
등,Noun
전자기기,Noun
에서,Josa
스트리밍,Noun
등,Noun
의,Josa
방식,Noun
으로,Josa
개시하거나,Verb
다운로드,Noun
하는,Verb
등,Noun
의,Josa
행위,Noun
(,Punctuation
이후,Noun
‘,Foreign
이용,Noun
’,Punctuation
이라,Verb
합니다,Verb
),Punctuation
는,Verb
1,Number
파일,Noun
당,Suffix
1,Number
강좌,Noun
를,Josa
이용,Noun
한,Josa
것,Noun
으로,Josa
간주,Noun
합니다,Verb
.,Punctuation
4,Number
.,Punctuation
회사,Noun
의,Josa
상품,Noun
등,Noun
에,Josa
관,Noun
한,Josa
환불,Noun
정책,Noun
은,Josa
다음,Noun
과,Josa
같습니다,Adjective
.,Punctuation
가,Verb
.,Punctuation
결제,Noun
후,Noun
파일,Noun
공개,Noun
전,Noun
(,Punctuation
강의,Noun
영상,Noun
공개,Noun
전,Noun
),Punctuation
환불,Noun
을,Josa
요청,Noun
하시면,Verb
전액,Noun
환불,Noun
이,Josa
가능합니다,Adjective
.,Punctuation
나,Noun
.,Punctuation
결제,Noun
일로,Noun
부터,Josa
7일,Number
이내,Noun
및,Noun
3,Number
개,Noun
미만,Noun
의,Josa
파일,Noun
을,Josa
이용,Noun
하신,Verb
경우,Noun
환불,Noun
을,Josa
요청,Noun
하시면,Verb
전액,Noun
환불,Noun
이,Josa
가능합니다,Adjective
.,Punctuation
다,Adverb
.,Punctuation
결제,Noun
일로,Noun
부터,Josa
7일,Number
이내,Noun
3,Number
개,Noun
이상,Noun
의,Josa
파일,Noun
을,Josa
이용,Noun
하신,Verb
경우,Noun
환불,Noun
을,Josa
요청,Noun
하시면,Verb
실,Noun
결제,Noun
금액,Noun
의,Josa
1/2,Number
에,Josa
해당,Noun
하는,Verb
금액,Noun
을,Josa
환불,Noun
해드립니다,Verb
.,Punctuation
라,Josa
.,Punctuation
결제,Noun
일로,Noun
부터,Josa
7일,Number
초과,Noun
10일,Number
이내,Noun
및,Noun
3,Number
개,Noun
미만,Noun
의,Josa
파일,Noun
을,Josa
이용,Noun
하신,Verb
경우,Noun
실,Noun
결제,Noun
금액,Noun
의,Josa
1/2,Number
에,Josa
해당,Noun
하는,Verb
금액,Noun
을,Josa
환불,Noun
해드립니다,Verb
.,Punctuation
마,Noun
.,Punctuation
결제,Noun
일로,Noun
부터,Josa
7일,Number
초과,Noun
10일,Number
이내,Noun
및,Noun
3,Number
개,Noun
이상,Noun
의,Josa
파일,Noun
을,Josa
이용,Noun
하신,Verb
경우,Noun
환불,Noun
가능,Noun
금액,Noun
이,Josa
없습니다,Adjective
.,Punctuation
바,Noun
.,Punctuation
결제,Noun
일로,Noun
부터,Josa
10일,Number
초과,Noun
시,Noun
환불,Noun
가능,Noun
금액,Noun
이,Josa
없습니다,Adjective
.,Punctuation
사,Noun
.,Punctuation
환불,Noun
금액,Noun
확인,Noun
후,Noun
실제,Noun
환불,Noun
이,Josa
이루어지기,Verb
전,Noun
추가,Noun
적,Suffix
으로,Josa
강의,Noun
영상,Noun
파일,Noun
또는,Adverb
강의,Noun
자료,Noun
파일,Noun
을,Josa
이용,Noun
한,Josa
상황,Noun
이,Josa
확인,Noun
되면,Verb
환불,Noun
가능,Noun
금액,Noun
은,Josa
달라질,Verb
수,Noun
있습니다,Adjective
.,Punctuation
아,Exclamation
.,Punctuation
평생,Noun
시청,Noun
수강,Noun
권,Suffix
의,Josa
경우,Noun
수강,Noun
일수,Noun
에,Josa
제한,Noun
이,Josa
없으나,Adjective
",",Punctuation
기간,Noun
선택,Noun
수강,Noun
권,Suffix
은,Josa
구매,Noun
시점,Noun
에,Josa
선택,Noun
하신,Verb
기간,Noun
에,Josa
해당,Noun
하는,Verb
일,Noun
수,Noun
만큼,Josa
수강,Noun
이,Josa
가능하며,Adjective
",",Punctuation
일시,Noun
정지,Noun
및,Noun
기간,Noun
연장,Noun
이,Josa
불가합니다,Adjective
.,Punctuation
자,Noun
.,Punctuation
기간,Noun
선택,Noun
수강,Noun
권,Suffix
은,Josa
평생,Noun
시청,Noun
수강,Noun
권,Suffix
으로,Josa
전환,Noun
이,Josa
불가합니다,Adjective
.,Punctuation
차,Noun
.,Punctuation
1:1,Number
코칭,Noun
권,Suffix
의,Josa
경우,Noun
결제,Noun
일로,Noun
부터,Josa
10일,Number
까지,Foreign
전액,Noun
환불,Noun
이,Josa
가능하며,Adjective
",",Punctuation
결제,Noun
일로,Noun
부터,Josa
10일,Number
초,Noun
과시,Noun
",",Punctuation
사용,Noun
여부,Noun
에,Josa
관계없이,Adverb
환불,Noun
가능,Noun
금액,Noun
이,Josa
없습니다,Adjective
.,Punctuation
결제,Noun
기준,Noun
일,Noun
이용,Noun
파일,Noun
개수,Noun
환불,Noun
률,Noun
결제,Noun
후,Noun
파일,Noun
공개,Noun
전,Noun
없음,Adjective
100%,Number
결제,Noun
일로,Noun
부터,Josa
7일,Number
이내,Noun
3,Number
개,Noun
미만,Noun
100%,Number
결제,Noun
일로,Noun
부터,Josa
7일,Number
이내,Noun
3,Number
개,Noun
이상,Noun
50%,Number
결제,Noun
일로,Noun
부터,Josa
7일,Number
초과,Noun
10일,Number
이내,Noun
3,Number
개,Noun
미만,Noun
50%,Number
결제,Noun
일로,Noun
부터,Josa
7일,Number
초과,Noun
10일,Number
이내,Noun
3,Number
개,Noun
이상,Noun
0%,Number
결제,Noun
일로,Noun
부터,Josa
10일,Number
초과,Noun
무관,Noun
0%,Number
5,Number
.,Punctuation
특별,Noun
강좌,Noun
는,Josa
이벤트,Noun
성,Suffix
강좌,Noun
",",Punctuation
비,Noun
정규,Noun
강좌,Noun
",",Punctuation
특별,Noun
기획,Noun
강좌,Noun
등,Noun
으로서,Josa
이는,Verb
별도,Noun
의,Josa
수강,Noun
취소,Noun
",",Punctuation
변경,Noun
및,Noun
환불,Noun
정책,Noun
이,Josa
적용,Noun
될,Verb
수,Noun
있습니다,Adjective
.,Punctuation
6,Number
.,Punctuation
신용카드,Noun
결제,Noun
",",Punctuation
휴대폰,Noun
결제,Noun
",",Punctuation
가상,Noun
계좌,Noun
이체,Noun
등,Noun
회원,Noun
님,Suffix
이,Josa
결제,Noun
한,Josa
수단,Noun
과,Josa
동일한,Adjective
방식,Noun
으로,Josa
환불,Noun
하는,Verb
것,Noun
을,Josa
원칙,Noun
으로,Josa
합니다,Verb
.,Punctuation
단,Noun
",",Punctuation
부분,Noun
환불,Noun
등,Noun
환불,Noun
이,Josa
불가능한,Adjective
경우,Noun
에,Josa
한해,Noun
기타,Noun
협의,Noun
된,Verb
방식,Noun
으로,Josa
환불,Noun
하여,Verb
드립니다,Verb
.,Punctuation
7,Number
.,Punctuation
환불,Noun
금액,Noun
은,Josa
정가,Noun
가,Josa
아닌,Adjective
실제,Noun
결제,Noun
금액,Noun
을,Josa
기준,Noun
으로,Josa
계산,Noun
됩니다,Verb
.,Punctuation
8,Number
.,Punctuation
회사,Noun
의,Josa
환불,Noun
예외,Noun
사항,Noun
은,Josa
다음,Noun
과,Josa
같습니다,Adjective
.,Punctuation
가,Verb
.,Punctuation
회원,Noun
이,Josa
관계,Noun
법령,Noun
및,Noun
본,Verb
약관,Noun
의,Josa
규정,Noun
을,Josa
위반,Noun
하여,Verb
회사,Noun
로부터,Noun
강제,Noun
탈퇴,Noun
처리,Noun
가,Josa
되는,Verb
경우,Noun
에는,Josa
본,Verb
조의,Noun
환불,Noun
정책,Noun
이,Josa
적용,Noun
되지,Verb
않습니다,Verb
.,Punctuation
나,Noun
.,Punctuation
회사,Noun
가,Josa
회원,Noun
에게,Josa
무료,Noun
로,Josa
지급,Noun
한,Josa
할인,Noun
쿠폰,Noun
등,Noun
으로,Josa
인해,Adjective
회원,Noun
이,Josa
획득,Noun
하게,Verb
된,Verb
금액,Noun
에,Josa
대해,Noun
서는,Verb
환불,Noun
되지,Verb
않습니다,Verb
9,Number
.,Punctuation
본,Verb
조,Noun
제,Noun
4,Number
항,Noun
에도,Josa
불구,Noun
하고,Josa
회사,Noun
는,Josa
신뢰,Noun
도,Josa
제,Modifier
고,Noun
나,Josa
이벤트,Noun
를,Josa
위해,Noun
일시,Noun
적,Suffix
으로,Josa
환불,Noun
조건,Noun
을,Josa
완화,Noun
할,Verb
수,Noun
있습니다,Adjective
.,Punctuation
제,Noun
25,Number
조,Noun
(,Punctuation
청약,Noun
철회,Noun
등,Noun
),Punctuation
1,Number
.,Punctuation
회사,Noun
의,Josa
상품,Noun
등,Noun
의,Josa
구매,Noun
취소,Noun
및,Noun
환불,Noun
정책,Noun
은,Josa
『,Foreign
전자상거래,Noun
등,Noun
에서의,Josa
소비자보호,Noun
에,Josa
관,Noun
한,Josa
법률,Noun
』,Foreign
및,Noun
동,Modifier
법,Noun
시행,Noun
령,Noun
등,Noun
관련,Noun
법령,Noun
을,Josa
준수,Noun
합니다,Verb
.,Punctuation
2,Number
.,Punctuation
회사,Noun
와,Josa
상품,Noun
등,Noun
의,Josa
구매,Noun
에,Josa
관,Noun
한,Josa
계약,Noun
을,Josa
체결,Noun
한,Josa
회원,Noun
은,Josa
『,Foreign
전자상거래,Noun
등,Noun
에서의,Josa
소비자보호,Noun
에,Josa
관,Noun
한,Josa
법률,Noun
』,Foreign
제,Noun
17조,Number
제,Noun
1,Number
항,Noun
에,Josa
따른,Verb
계약,Noun
내용,Noun
에,Josa
관,Noun
한,Josa
수,Modifier
신,Modifier
확인,Noun
통지,Noun
를,Josa
받은,Verb
날로,Noun
(,Punctuation
그,Noun
통지,Noun
를,Josa
받은,Verb
때,Noun
보다,Josa
상품,Noun
등,Noun
의,Josa
공급,Noun
이,Josa
늦게,Verb
이루어진,Verb
경우,Noun
에는,Josa
상품,Noun
등,Noun
의,Josa
공급,Noun
이,Josa
시작,Noun
된,Verb
날,Noun
을,Josa
말,Noun
합니다,Verb
),Punctuation
부터,Noun
7일,Number
이내,Noun
에는,Josa
청약,Noun
을,Josa
철회,Noun
할,Verb
수,Noun
있습니다,Adjective
.,Punctuation
3,Number
.,Punctuation
회사,Noun
는,Josa
국내외,Noun
제,Modifier
조사,Noun
및,Noun
공,Modifier
급사,Noun
또는,Adverb
강사,Noun
의,Josa
사정,Noun
등,Noun
으로,Josa
인하여,Adjective
상품,Noun
등,Noun
의,Josa
공급,Noun
이,Josa
어려운,Adjective
경우,Noun
에는,Josa
그,Noun
사유,Noun
를,Josa
회원,Noun
에게,Josa
고지,Noun
하고,Josa
사유,Noun
가,Josa
발생,Noun
한,Josa
날로,Noun
부터,Josa
7,Number
영업일,Noun
이내,Noun
에,Josa
환급,Noun
하,Suffix
거나,Noun
환급,Noun
에,Josa
필요한,Adjective
조치,Noun
를,Josa
취합니,Noun
다,Josa
.,Punctuation
4,Number
.,Punctuation
회원,Noun
은,Josa
상품,Noun
등,Noun
을,Josa
제공,Noun
또는,Adverb
배송,Noun
받은,Verb
경우,Noun
다음,Noun
각,Noun
호의,Noun
1,Number
에,Josa
해당,Noun
하는,Verb
경우,Noun
에는,Josa
청약,Noun
철회,Noun
등,Noun
을,Josa
할,Verb
수,Noun
없습니다,Adjective
.,Punctuation
가,Verb
.,Punctuation
회원,Noun
에게,Josa
책임,Noun
있는,Adjective
사유,Noun
로,Josa
상품,Noun
등,Noun
이,Josa
멸실,Noun
또는,Adverb
훼손,Noun
된,Verb
경우,Noun
.,Punctuation
다만,Noun
",",Punctuation
상품,Noun
등,Noun
의,Josa
내용,Noun
을,Josa
확인,Noun
하기,Verb
위,Noun
하여,Verb
포장,Noun
등,Noun
을,Josa
훼손,Noun
한,Josa
경우,Noun
는,Josa
제외,Noun
합니다,Verb
.,Punctuation
나,Noun
.,Punctuation
회원,Noun
의,Josa
사용,Noun
또는,Adverb
일부,Noun
소비,Noun
로,Josa
상품,Noun
등,Noun
의,Josa
가치,Noun
가,Josa
현저,Noun
히,Adverb
감소,Noun
하,Suffix
거나,Noun
그,Noun
가치,Noun
를,Josa
모두,Noun
소비,Noun
한,Josa
경우,Noun
다,Adverb
.,Punctuation
시간,Noun
이,Josa
지나,Noun
재판매,Noun
가,Josa
곤란할,Adjective
정도,Noun
로,Josa
상품,Noun
등,Noun
의,Josa
가치,Noun
가,Josa
현저,Noun
히,Adverb
감소,Noun
한,Josa
경우,Noun
라,Josa
.,Punctuation
복제,Noun
가,Josa
가능한,Adjective
상품,Noun
등,Noun
의,Josa
포장,Noun
을,Josa
훼손,Noun
한,Josa
경우,Noun
마,Noun
.,Punctuation
회사,Noun
가,Josa
상품,Noun
등,Noun
의,Josa
청약,Noun
철회,Noun
등,Noun
의,Josa
제한,Noun
에,Josa
관해,Noun
사전,Noun
에,Josa
고지,Noun
한,Josa
경우,Noun
(,Punctuation
본,Verb
약관,Noun
제,Noun
24조,Number
포함,Noun
함,Noun
),Punctuation
바,Noun
.,Punctuation
그,Noun
밖에,Josa
거래,Noun
의,Josa
안전,Noun
을,Josa
위,Noun
하여,Verb
법령,Noun
으로,Josa
정,Noun
한,Josa
경우,Noun
5,Number
.,Punctuation
청약,Noun
철회,Noun
등,Noun
의,Josa
경우,Noun
공급,Noun
받은,Verb
상품,Noun
등,Noun
의,Josa
반환,Noun
에,Josa
필요한,Adjective
비용,Noun
은,Josa
회원,Noun
이,Josa
부담,Noun
합니다,Verb
.,Punctuation
회사,Noun
는,Josa
회원,Noun
에게,Josa
청약,Noun
철회,Noun
등,Noun
을,Josa
이유,Noun
로,Josa
위약금,Noun
또는,Adverb
손해배상,Noun
을,Josa
청구,Noun
하지,Verb
않습니다,Verb
.,Punctuation
다만,Noun
",",Punctuation
상품,Noun
등,Noun
의,Josa
내용,Noun
이,Josa
표시,Noun
∙,Foreign
광고,Noun
내용,Noun
과,Josa
다르거나,Adjective
계약,Noun
내용,Noun
과,Josa
다르게,Adjective
이행,Noun
되어,Verb
청약,Noun
철회,Noun
등,Noun
을,Josa
하는,Verb
경우,Noun
상품,Noun
등,Noun
의,Josa
반환,Noun
에,Josa
필요한,Adjective
비용,Noun
은,Josa
회사,Noun
가,Josa
부담,Noun
합니다,Verb
.,Punctuation
6,Number
.,Punctuation
회원,Noun
의,Josa
단,Modifier
순,Modifier
변심,Noun
에,Josa
의한,Adjective
취소,Noun
일,Noun
경우,Noun
환불,Noun
처리,Noun
에,Josa
발생,Noun
하는,Verb
수수료,Noun
와,Josa
기타,Noun
제반,Noun
비용,Noun
은,Josa
회원,Noun
이,Josa
부담,Noun
합니다,Verb
.,Punctuation
7,Number
.,Punctuation
기타,Noun
이,Noun
약관,Noun
및,Noun
사이트,Noun
의,Josa
이용,Noun
안내,Noun
에,Josa
규정,Noun
되지,Verb
않은,Verb
취소,Noun
및,Noun
환불,Noun
에,Josa
대한,Noun
사항,Noun
에,Josa
대해,Noun
서는,Verb
『,Foreign
전자상거래,Noun
등,Noun
에서의,Josa
소비자보호,Noun
에,Josa
관,Noun
한,Josa
법률,Noun
』,Foreign
및,Noun
『,Foreign
소비자,Noun
분쟁,Noun
해결,Noun
기준,Noun
』,Foreign
에서,Josa
정,Noun
한,Josa
바,Noun
에,Josa
따릅니다,Verb
.,Punctuation
제,Noun
26,Number
조,Noun
(,Punctuation
청약,Noun
철회,Noun
등,Noun
의,Josa
효과,Noun
),Punctuation
1,Number
.,Punctuation
회원,Noun
이,Josa
구매,Noun
한,Josa
상품,Noun
등,Noun
을,Josa
취소,Noun
또는,Adverb
환불,Noun
하는,Verb
경우,Noun
회사,Noun
는,Josa
그,Noun
처리,Noun
결과,Noun
에,Josa
대해,Noun
제,Noun
11조,Number
(,Punctuation
회원,Noun
에,Josa
대한,Noun
통지,Noun
),Punctuation
에,Josa
정,Noun
한,Josa
방법,Noun
으로,Josa
통지,Noun
합니다,Verb
.,Punctuation
2,Number
.,Punctuation
회사,Noun
는,Josa
회원,Noun
으로부터,Josa
결제,Noun
취소,Noun
요청,Noun
또는,Adverb
상품,Noun
등,Noun
을,Josa
반환,Noun
받은,Verb
경우,Noun
7,Number
영업일,Noun
이내,Noun
에,Josa
이미,Adverb
지급,Noun
받은,Verb
대금,Noun
을,Josa
환급,Noun
합니다,Verb
.,Punctuation
이,Noun
경우,Noun
회사,Noun
가,Josa
회원,Noun
에게,Josa
재화,Noun
등,Noun
의,Josa
환급,Noun
을,Josa
지연,Noun
할,Verb
때,Noun
에는,Josa
그,Noun
지,Modifier
연,Modifier
기간,Noun
에,Josa
대하,Noun
여,Josa
공,Modifier
정거,Noun
래,Josa
위원회,Noun
가,Josa
정,Noun
하여,Verb
고시,Noun
하는,Verb
지,Modifier
연,Modifier
이자율,Noun
을,Josa
곱,Noun
하여,Verb
산정,Noun
한,Josa
지,Modifier
연,Modifier
이자,Noun
를,Josa
지급,Noun
합니다,Verb
.,Punctuation
3,Number
.,Punctuation
청약,Noun
철회,Noun
등,Noun
의,Josa
경우,Noun
공급,Noun
받은,Verb
상품,Noun
등,Noun
의,Josa
반환,Noun
에,Josa
필요한,Adjective
비용,Noun
은,Josa
회원,Noun
이,Josa
부담,Noun
합니다,Verb
.,Punctuation
다만,Noun
",",Punctuation
상품,Noun
등,Noun
의,Josa
내용,Noun
이,Josa
표시,Noun
∙,Foreign
광고,Noun
내용,Noun
과,Josa
다르거나,Adjective
계약,Noun
내용,Noun
과,Josa
다르게,Adjective
이행,Noun
되어,Verb
청약,Noun
철회,Noun
등,Noun
을,Josa
하는,Verb
경우,Noun
상품,Noun
등,Noun
에,Josa
필요한,Adjective
비용,Noun
은,Josa
회사,Noun
가,Josa
부담,Noun
합니다,Verb
.,Punctuation
4,Number
.,Punctuation
회원,Noun
의,Josa
단순,Noun
변심,Noun
에,Josa
의한,Adjective
취소,Noun
일,Noun
경우,Noun
환불,Noun
처리,Noun
에,Josa
발생,Noun
하는,Verb
수수료,Noun
와,Josa
기타,Noun
제반,Noun
비용,Noun
은,Josa
회원,Noun
이,Josa
부담,Noun
합니다,Verb
.,Punctuation
5,Number
.,Punctuation
기타,Noun
본,Verb
약관,Noun
및,Noun
사이트,Noun
의,Josa
이용,Noun
안내,Noun
에,Josa
규정,Noun
되지,Verb
않은,Verb
취소,Noun
및,Noun
환불,Noun
에,Josa
대한,Noun
사항,Noun
은,Josa
『,Foreign
전자상거래,Noun
등,Noun
에서의,Josa
소비자보호,Noun
에,Josa
관,Noun
한,Josa
법률,Noun
』,Foreign
및,Noun
『,Foreign
소비자,Noun
분쟁,Noun
해결,Noun
기준,Noun
』,Foreign
에서,Josa
정,Noun
한,Josa
바,Noun
에,Josa
따릅니다,Verb
.,Punctuation
제,Noun
27,Number
조,Noun
(,Punctuation
상품,Noun
등,Noun
의,Josa
취소,Noun
및,Noun
환불,Noun
의,Josa
특칙,Noun
),Punctuation
상품,Noun
의,Josa
반품,Noun
에,Josa
따른,Verb
환불,Noun
은,Josa
반품,Noun
하는,Verb
상품,Noun
이,Josa
판매,Noun
자,Suffix
에게,Josa
도착,Noun
되고,Verb
",",Punctuation
반품,Noun
사유,Noun
및,Noun
반품,Noun
배송비,Noun
부담,Noun
자,Suffix
가,Josa
확인,Noun
된,Verb
이후,Noun
에,Josa
이루어집니다,Verb
.,Punctuation
제,Noun
28,Number
조,Noun
(,Punctuation
저작권,Noun
의,Josa
귀속,Noun
및,Noun
이용,Noun
제한,Noun
),Punctuation
1,Number
.,Punctuation
회사,Noun
가,Josa
작성,Noun
한,Josa
저작물,Noun
및,Noun
강의,Noun
영상,Noun
과,Josa
강의,Noun
자료,Noun
에,Josa
대한,Noun
저작권,Noun
및,Noun
기타,Noun
지식,Noun
재산권,Noun
은,Josa
회사,Noun
에,Josa
귀속,Noun
합니다,Verb
.,Punctuation
2,Number
.,Punctuation
회사,Noun
는,Josa
서비스,Noun
와,Josa
관련,Noun
하여,Verb
회원,Noun
에게,Josa
회사,Noun
가,Josa
정,Noun
한,Josa
이용,Noun
조건,Noun
에,Josa
따라,Verb
계정,Noun
",",Punctuation
콘텐츠,Noun
등,Noun
을,Josa
이용,Noun
할,Verb
수,Noun
있는,Adjective
이용권,Noun
만을,Josa
부여,Noun
하며,Verb
",",Punctuation
회원,Noun
은,Josa
서비스,Noun
를,Josa
이용,Noun
함,Noun
으로써,Josa
얻은,Verb
정보,Noun
중,Noun
회사,Noun
에게,Josa
지식,Noun
재산권,Noun
이,Josa
귀속,Noun
된,Verb
정보,Noun
를,Josa
회사,Noun
의,Josa
사전,Noun
승낙,Noun
없이,Adverb
복제,Noun
",",Punctuation
송신,Noun
",",Punctuation
출판,Noun
",",Punctuation
배포,Noun
",",Punctuation
방송,Noun
등,Noun
기타,Noun
방법,Noun
에,Josa
의하여,Adjective
영리,Noun
목적,Noun
으로,Josa
이용,Noun
하,Suffix
거나,Noun
제,Noun
3,Number
자,Noun
에게,Josa
이용,Noun
하게,Verb
하여,Verb
서는,Verb
안,Noun
됩니다,Verb
.,Punctuation
제,Noun
29,Number
조,Noun
(,Punctuation
게시,Noun
물의,Noun
관리,Noun
),Punctuation
1,Number
.,Punctuation
회원,Noun
의,Josa
게시,Noun
물이,Noun
『,Foreign
정보통신망,Noun
이용,Noun
촉진,Noun
및,Noun
정보보호,Noun
등,Noun
에,Josa
관,Noun
한,Josa
법률,Noun
』,Foreign
및,Noun
『,Foreign
저작권,Noun
』,Foreign
등,Noun
관계,Noun
법령,Noun
에,Josa
위반,Noun
되는,Verb
내용,Noun
을,Josa
포함,Noun
하는,Verb
경우,Noun
",",Punctuation
권리자,Noun
는,Josa
관계,Noun
법령,Noun
이,Josa
정,Noun
한,Josa
절차,Noun
에,Josa
따라,Verb
해당,Noun
게시,Noun
물의,Noun
게시,Noun
중단,Noun
및,Noun
삭제,Noun
등,Noun
을,Josa
요청,Noun
할,Verb
수,Noun
있으며,Adjective
",",Punctuation
회사,Noun
는,Josa
관계,Noun
법령,Noun
에,Josa
따라,Verb
조치,Noun
를,Josa
취하,Noun
여야,Noun
합니다,Verb
.,Punctuation
2,Number
.,Punctuation
회사,Noun
는,Josa
전,Modifier
항,Noun
에,Josa
따른,Verb
권리자,Noun
의,Josa
요청,Noun
이,Josa
없는,Adjective
경우,Noun
라도,Josa
권리,Noun
침해,Noun
가,Josa
인정,Noun
될,Verb
만,Noun
한,Josa
사유,Noun
가,Josa
있거나,Adjective
기타,Noun
회사,Noun
정책,Noun
및,Noun
관련,Noun
법,Noun
에,Josa
위반,Noun
되는,Verb
경우,Noun
에는,Josa
관련,Noun
법,Noun
에,Josa
따라,Verb
해당,Noun
게시,Noun
물,Noun
에,Josa
대해,Noun
임시조치,Noun
등,Noun
을,Josa
취할,Noun
수,Noun
있습니다,Adjective
.,Punctuation
3,Number
.,Punctuation
본,Verb
조,Noun
에,Josa
따른,Verb
세부,Noun
절차,Noun
는,Josa
『,Foreign
정보통신망,Noun
이용,Noun
촉진,Noun
및,Noun
정보보호,Noun
등,Noun
에,Josa
관,Noun
한,Josa
법률,Noun
』,Foreign
및,Noun
『,Foreign
저작권법,Noun
』,Foreign
이,Noun
규정,Noun
한,Josa
범위,Noun
내,Noun
에서,Josa
회사,Noun
가,Josa
정,Noun
한,Josa
‘,Foreign
게시,Noun
중단,Noun
요청,Noun
서비스,Noun
’,Punctuation
에,Josa
따릅니다,Verb
.,Punctuation
제,Noun
30,Number
조,Noun
(,Punctuation
회사,Noun
의,Josa
면책조항,Noun
),Punctuation
1,Number
.,Punctuation
회사,Noun
는,Josa
천재지변,Noun
또는,Adverb
이,Noun
에,Josa
준,Noun
하는,Verb
불가항력,Noun
으로,Josa
인하여,Adjective
서비스,Noun
를,Josa
제공,Noun
할,Verb
수,Noun
없는,Adjective
경우,Noun
에는,Josa
서비스,Noun
제공,Noun
에,Josa
관,Noun
한,Josa
책임,Noun
이,Josa
면제,Noun
됩니다,Verb
.,Punctuation
2,Number
.,Punctuation
회사,Noun
는,Josa
회원,Noun
의,Josa
귀책사유,Noun
로,Josa
인한,Adjective
서비스,Noun
이용,Noun
의,Josa
장애,Noun
에,Josa
대하,Noun
여,Josa
책임,Noun
을,Josa
지지,Noun
않습니다,Verb
.,Punctuation
3,Number
.,Punctuation
회사,Noun
는,Josa
회원,Noun
이,Josa
서비스,Noun
를,Josa
이용,Noun
하여,Verb
기대하는,Adjective
수익,Noun
을,Josa
상실한,Adjective
것,Noun
에,Josa
대하,Noun
여,Josa
책임,Noun
을,Josa
지지,Noun
않으며,Verb
",",Punctuation
그,Noun
밖,Noun
의,Josa
서비스,Noun
를,Josa
통,Noun
하여,Verb
얻은,Verb
자료,Noun
로,Josa
인한,Adjective
손해,Noun
에,Josa
관,Noun
하여,Verb
책임,Noun
을,Josa
지지,Noun
않습니다,Verb
.,Punctuation
4,Number
.,Punctuation
회사,Noun
는,Josa
회원,Noun
이,Josa
게재,Noun
한,Josa
정보,Noun
",",Punctuation
자료,Noun
",",Punctuation
사실,Noun
의,Josa
신뢰,Noun
도,Josa
",",Punctuation
정확성,Noun
등,Noun
내용,Noun
에,Josa
관,Noun
해서는,Verb
책임,Noun
을,Josa
지지,Noun
않습니다,Verb
.,Punctuation
5,Number
.,Punctuation
회원,Noun
이,Josa
발송,Noun
한,Josa
메일,Noun
내용,Noun
에,Josa
대한,Noun
법적,Noun
인,Josa
책임,Noun
은,Josa
사용자,Noun
에게,Josa
있습니다,Adjective
.,Punctuation
6,Number
.,Punctuation
회사,Noun
는,Josa
회원,Noun
간,Noun
또는,Adverb
회원,Noun
과,Josa
제,Noun
3,Number
자,Noun
상호,Noun
간,Noun
에,Josa
서비스,Noun
를,Josa
매개,Noun
로,Josa
하여,Verb
거래,Noun
등,Noun
을,Josa
한,Verb
경우,Noun
에는,Josa
책임,Noun
이,Josa
면제,Noun
됩니다,Verb
.,Punctuation
7,Number
.,Punctuation
회사,Noun
는,Josa
무료,Noun
로,Josa
제공,Noun
되는,Verb
서비스,Noun
이용,Noun
과,Josa
관련,Noun
하여,Verb
관련,Noun
법,Noun
에,Josa
특별한,Adjective
규정,Noun
이,Josa
없는,Adjective
한,Verb
책임,Noun
을,Josa
지지,Noun
않습니다,Verb
.,Punctuation
제,Noun
31,Number
조,Noun
(,Punctuation
분쟁해결,Noun
),Punctuation
1,Number
.,Punctuation
회사,Noun
는,Josa
회원,Noun
이,Josa
제기,Noun
하는,Verb
정당한,Adjective
의견,Noun
이나,Josa
불만,Noun
을,Josa
반영,Noun
하고,Josa
그,Noun
피해,Noun
를,Josa
보상,Noun
처리,Noun
하기,Verb
위해,Noun
서,Josa
피,Noun
해보,Verb
상처리,Noun
기구,Noun
를,Josa
설치,Noun
",",Punctuation
운영,Noun
합니다,Verb
.,Punctuation
2,Number
.,Punctuation
회사,Noun
는,Josa
회원,Noun
으로부터,Josa
제출,Noun
되는,Verb
불만,Noun
사항,Noun
및,Noun
의견,Noun
은,Josa
우선,Noun
적,Suffix
으로,Josa
그,Noun
사항,Noun
을,Josa
처리,Noun
합니다,Verb
.,Punctuation
다만,Noun
신속한,Adjective
처리,Noun
가,Josa
곤란한,Adjective
경우,Noun
에는,Josa
회원,Noun
에게,Josa
그,Noun
사유,Noun
와,Josa
처리,Noun
일정,Noun
을,Josa
즉시,Noun
통보,Noun
합니다,Verb
.,Punctuation
제,Noun
32,Number
조,Noun
(,Punctuation
준거,Verb
법,Noun
및,Noun
관할,Noun
법원,Noun
),Punctuation
1,Number
.,Punctuation
이,Noun
약관,Noun
의,Josa
해석,Noun
및,Noun
회사,Noun
와,Josa
회원,Noun
간의,Noun
분쟁,Noun
에,Josa
대하,Noun
여,Noun
는,Josa
대한민국,Noun
의,Josa
법,Noun
을,Josa
적용,Noun
합니다,Verb
.,Punctuation
2,Number
.,Punctuation
이,Noun
약관,Noun
및,Noun
서비스,Noun
이용,Noun
과,Josa
관련,Noun
하여,Verb
회사,Noun
와,Josa
회원,Noun
사이,Noun
에,Josa
분쟁,Noun
이,Josa
발생,Noun
하여,Verb
소송,Noun
이,Josa
제기,Noun
되는,Verb
경우,Noun
에는,Josa
회사,Noun
의,Josa
본사,Noun
소재지,Noun
를,Josa
관할,Noun
하는,Verb
법원,Noun
을,Josa
관할,Noun
법원,Noun
으로,Josa
정합,Noun
니,Noun
다,Josa
.,Punctuation
부칙,Noun
이,Noun
약관,Noun
은,Josa
2024년,Number
4월,Number
1일,Number
부터,Foreign
시행,Noun
합니다,Verb
.,Punctuation
이,Noun
개정,Noun
약관,Noun
은,Josa
시행일,Noun
이후,Noun
에,Josa
체결,Noun
되는,Verb
계약,Noun
에만,Josa
적용,Noun
되고,Verb
그,Noun
이전,Noun
에,Josa
체결,Noun
된,Verb
계약,Noun
에,Josa
대해,Noun
서는,Verb
개정,Noun
전의,Noun
약관,Noun
조항,Noun
을,Josa
그대로,Noun
적용,Noun
합니다,Verb
.,Punctuation
